date,EPS,pb_ratio,pe_ratio,roe,fcf,P_mean,P_sum,twt_count,NFLX_Returns
2018-05-23,0.64,7.247,461.484,0.013,-273927000.0,0.037,25,683,1
2018-05-24,0.64,7.343,461.484,0.013,-273927000.0,-0.026,-22,839,1
2018-05-25,0.64,7.385,461.484,0.013,-273927000.0,-0.026,-14,533,1
2018-05-29,0.64,7.352,461.484,0.013,-273927000.0,-0.076,-30,394,0
2018-05-30,0.64,7.432,461.484,0.013,-273927000.0,-0.108,-34,316,1
2018-05-31,0.64,7.391,461.484,0.013,-273927000.0,-0.112,-33,295,0
2018-06-01,0.64,7.566,461.484,0.013,-273927000.0,0.034,12,351,1
2018-06-04,0.64,7.606,461.484,0.013,-273927000.0,-0.07,-27,383,1
2018-06-05,0.64,7.69,461.484,0.013,-273927000.0,-0.014,-7,487,1
2018-06-06,0.64,7.724,461.484,0.013,-273927000.0,-0.007,-2,292,1
2018-06-07,0.64,7.597,461.484,0.013,-273927000.0,-0.04,-13,321,0
2018-06-08,0.64,7.58,461.484,0.013,-273927000.0,-0.012,-3,261,0
2018-06-11,0.64,7.598,461.484,0.013,-273927000.0,-0.09,-22,245,1
2018-06-12,0.64,7.648,461.484,0.013,-273927000.0,-0.081,-23,285,1
2018-06-13,0.64,7.987,461.484,0.013,-273927000.0,-0.063,-59,936,1
2018-06-14,0.64,8.259,461.484,0.013,-273927000.0,-0.064,-56,874,1
2018-06-15,0.64,8.24,461.484,0.013,-273927000.0,-0.013,-8,620,0
2018-06-18,0.64,8.207,461.484,0.013,-273927000.0,-0.044,-12,273,0
2018-06-19,0.64,8.513,461.484,0.013,-273927000.0,-0.025,-21,837,1
2018-06-20,0.64,8.761,461.484,0.013,-273927000.0,-0.085,-92,1080,1
2018-06-21,0.64,8.733,461.484,0.013,-273927000.0,-0.122,-125,1028,0
2018-06-22,0.64,8.642,461.484,0.013,-273927000.0,-0.183,-95,520,0
2018-06-25,0.64,8.082,461.484,0.013,-273927000.0,-0.12,-77,641,0
2018-06-26,0.64,8.396,461.484,0.013,-273927000.0,-0.095,-62,654,1
2018-06-27,0.64,8.207,461.484,0.013,-273927000.0,-0.136,-89,654,0
2018-06-28,0.64,8.312,461.484,0.013,-273927000.0,-0.136,-61,450,1
2018-06-29,0.64,8.229,461.484,0.013,-273927000.0,-0.101,-39,386,0
2018-07-02,0.85,8.37,460.506,0.018,-545562000.0,-0.075,-28,375,1
2018-07-03,0.85,8.209,460.506,0.018,-545562000.0,-0.041,-12,294,0
2018-07-05,0.85,8.375,460.506,0.018,-545562000.0,-0.044,-16,366,1
2018-07-06,0.85,8.582,460.506,0.018,-545562000.0,0.032,14,443,1
2018-07-09,0.85,8.807,460.506,0.018,-545562000.0,-0.023,-11,473,1
2018-07-10,0.85,8.737,460.506,0.018,-545562000.0,-0.054,-22,404,0
2018-07-11,0.85,8.801,460.506,0.018,-545562000.0,-0.078,-38,484,1
2018-07-12,0.85,8.692,460.506,0.018,-545562000.0,-0.072,-45,625,0
2018-07-13,0.85,8.32,460.506,0.018,-545562000.0,-0.142,-100,706,0
2018-07-16,0.85,8.419,460.506,0.018,-545562000.0,-0.154,-382,2487,1
2018-07-17,0.85,7.977,460.506,0.018,-545562000.0,-0.111,-311,2813,0
2018-07-18,0.85,7.886,460.506,0.018,-545562000.0,-0.051,-39,767,0
2018-07-19,0.85,7.657,460.506,0.018,-545562000.0,-0.117,-80,683,0
2018-07-20,0.85,7.59,460.506,0.018,-545562000.0,-0.096,-55,575,0
2018-07-23,0.85,7.624,460.506,0.018,-545562000.0,-0.045,-21,471,1
2018-07-24,0.85,7.511,460.506,0.018,-545562000.0,-0.119,-57,480,0
2018-07-25,0.85,7.628,460.506,0.018,-545562000.0,-0.083,-43,516,1
2018-07-26,0.85,7.633,460.506,0.018,-545562000.0,-0.108,-65,599,1
2018-07-27,0.85,7.467,460.506,0.018,-545562000.0,-0.103,-44,426,0
2018-07-30,0.85,7.041,460.506,0.018,-545562000.0,-0.126,-82,653,0
2018-07-31,0.85,7.094,460.506,0.018,-545562000.0,-0.092,-46,503,1
2018-08-01,0.85,7.113,460.506,0.018,-545562000.0,-0.073,-21,288,1
2018-08-02,0.85,7.242,460.506,0.018,-545562000.0,-0.027,-9,332,1
2018-08-03,0.85,7.212,460.506,0.018,-545562000.0,-0.125,-39,313,0
2018-08-06,0.85,7.377,460.506,0.018,-545562000.0,0.003,1,314,1
2018-08-07,0.85,7.396,460.506,0.018,-545562000.0,-0.024,-9,376,1
2018-08-08,0.85,7.307,460.506,0.018,-545562000.0,-0.095,-28,295,0
2018-08-09,0.85,7.344,460.506,0.018,-545562000.0,-0.008,-2,256,1
2018-08-10,0.85,7.271,460.506,0.018,-545562000.0,-0.06,-11,185,0
2018-08-13,0.85,7.175,460.506,0.018,-545562000.0,-0.067,-24,357,0
2018-08-14,0.85,7.095,460.506,0.018,-545562000.0,-0.116,-38,327,0
2018-08-15,0.85,6.861,460.506,0.018,-545562000.0,-0.125,-47,375,0
2018-08-16,0.85,6.778,460.506,0.018,-545562000.0,-0.116,-37,318,0
2018-08-17,0.85,6.659,460.506,0.018,-545562000.0,-0.153,-63,412,0
2018-08-20,0.85,6.889,460.506,0.018,-545562000.0,-0.02,-13,662,1
2018-08-21,0.85,7.106,460.506,0.018,-545562000.0,-0.01,-5,497,1
2018-08-22,0.85,7.241,460.506,0.018,-545562000.0,0.033,11,332,1
2018-08-23,0.85,7.13,460.506,0.018,-545562000.0,-0.041,-13,320,0
2018-08-24,0.85,7.543,460.506,0.018,-545562000.0,0.015,9,588,1
2018-08-27,0.85,7.664,460.506,0.018,-545562000.0,-0.015,-8,524,1
2018-08-28,0.85,7.746,460.506,0.018,-545562000.0,-0.025,-7,281,1
2018-08-29,0.85,7.737,460.506,0.018,-545562000.0,-0.038,-11,288,0
2018-08-30,0.85,7.799,460.506,0.018,-545562000.0,0.047,19,408,1
2018-08-31,0.85,7.729,460.506,0.018,-545562000.0,-0.019,-5,264,0
2018-09-04,0.85,7.643,460.506,0.018,-545562000.0,-0.074,-22,297,0
2018-09-05,0.85,7.172,460.506,0.018,-545562000.0,-0.096,-43,448,0
2018-09-06,0.85,7.283,460.506,0.018,-545562000.0,-0.053,-22,414,1
2018-09-07,0.85,7.33,460.506,0.018,-545562000.0,-0.041,-14,340,1
2018-09-10,0.85,7.324,460.506,0.018,-545562000.0,-0.04,-13,324,0
2018-09-11,0.85,7.482,460.506,0.018,-545562000.0,-0.009,-3,323,1
2018-09-12,0.85,7.777,460.506,0.018,-545562000.0,-0.03,-14,463,1
2018-09-13,0.85,7.739,460.506,0.018,-545562000.0,-0.025,-9,363,0
2018-09-14,0.85,7.664,460.506,0.018,-545562000.0,-0.096,-22,230,0
2018-09-17,0.85,7.365,460.506,0.018,-545562000.0,-0.115,-36,313,0
2018-09-18,0.85,7.729,460.506,0.018,-545562000.0,0.007,3,408,1
2018-09-19,0.85,7.714,460.506,0.018,-545562000.0,-0.048,-24,502,0
2018-09-20,0.85,7.68,460.506,0.018,-545562000.0,-0.046,-17,366,0
2018-09-21,0.85,7.593,460.506,0.018,-545562000.0,-0.016,-5,313,0
2018-09-24,0.85,7.77,460.506,0.018,-545562000.0,0.012,5,427,1
2018-09-25,0.85,7.766,460.506,0.018,-545562000.0,-0.012,-4,347,0
2018-09-26,0.85,7.944,460.506,0.018,-545562000.0,0.038,20,526,1
2018-09-27,0.85,8.003,460.506,0.018,-545562000.0,-0.03,-11,370,1
2018-09-28,0.85,7.865,460.506,0.018,-545562000.0,-0.059,-17,290,0
2018-10-01,0.89,8.018,420.371,0.019,-729744000.0,0.013,5,376,1
2018-10-02,0.89,7.928,420.371,0.019,-729744000.0,-0.053,-17,323,0
2018-10-03,0.89,7.926,420.371,0.019,-729744000.0,-0.069,-17,245,0
2018-10-04,0.89,7.645,420.371,0.019,-729744000.0,-0.09,-30,334,0
2018-10-05,0.89,7.386,420.371,0.019,-729744000.0,-0.121,-46,380,0
2018-10-08,0.89,7.339,420.371,0.019,-729744000.0,-0.006,-2,343,0
2018-10-09,0.89,7.478,420.371,0.019,-729744000.0,0.016,5,319,1
2018-10-10,0.89,6.851,420.371,0.019,-729744000.0,-0.131,-75,574,0
2018-10-11,0.89,6.75,420.371,0.019,-729744000.0,-0.104,-55,531,0
2018-10-12,0.89,7.138,420.371,0.019,-729744000.0,-0.01,-5,507,1
2018-10-15,0.89,7.003,420.371,0.019,-729744000.0,-0.047,-26,548,0
2018-10-16,0.89,7.282,420.371,0.019,-729744000.0,-0.032,-62,1917,1
2018-10-17,0.89,7.667,420.371,0.019,-729744000.0,-0.121,-226,1861,1
2018-10-18,0.89,7.288,420.371,0.019,-729744000.0,-0.142,-145,1018,0
2018-10-19,0.89,6.993,420.371,0.019,-729744000.0,-0.173,-139,804,0
2018-10-22,0.89,6.927,420.371,0.019,-729744000.0,-0.159,-114,719,0
2018-10-23,0.89,7.004,420.371,0.019,-729744000.0,-0.103,-52,507,1
2018-10-24,0.89,6.345,420.371,0.019,-729744000.0,-0.166,-95,572,0
2018-10-25,0.89,6.577,420.371,0.019,-729744000.0,-0.109,-47,431,1
2018-10-26,0.89,6.303,420.371,0.019,-729744000.0,-0.122,-60,490,0
2018-10-29,0.89,5.988,420.371,0.019,-729744000.0,-0.138,-81,586,0
2018-10-30,0.89,6.008,420.371,0.019,-729744000.0,-0.122,-64,526,1
2018-10-31,0.89,6.344,420.371,0.019,-729744000.0,-0.019,-9,485,1
2018-11-01,0.89,6.672,420.371,0.019,-729744000.0,-0.051,-24,474,1
2018-11-02,0.89,6.498,420.371,0.019,-729744000.0,-0.082,-30,366,0
2018-11-05,0.89,6.631,420.371,0.019,-729744000.0,-0.015,-5,336,1
2018-11-06,0.89,6.534,420.371,0.019,-729744000.0,-0.021,-7,327,0
2018-11-07,0.89,6.885,420.371,0.019,-729744000.0,-0.066,-27,412,1
2018-11-08,0.89,6.683,420.371,0.019,-729744000.0,-0.075,-31,414,0
2018-11-09,0.89,6.379,420.371,0.019,-729744000.0,-0.08,-36,451,0
2018-11-12,0.89,6.182,420.371,0.019,-729744000.0,-0.039,-12,311,0
2018-11-13,0.89,6.189,420.371,0.019,-729744000.0,-0.073,-22,302,1
2018-11-14,0.89,6.028,420.371,0.019,-729744000.0,-0.116,-52,450,0
2018-11-15,0.89,6.098,420.371,0.019,-729744000.0,-0.062,-19,304,1
2018-11-16,0.89,6.017,420.371,0.019,-729744000.0,-0.194,-47,242,0
2018-11-19,0.89,5.688,420.371,0.019,-729744000.0,-0.128,-59,459,0
2018-11-20,0.89,5.612,420.371,0.019,-729744000.0,-0.129,-75,581,0
2018-11-21,0.89,5.51,420.371,0.019,-729744000.0,-0.093,-36,388,0
2018-11-23,0.89,5.441,420.371,0.019,-729744000.0,-0.112,-28,250,0
2018-11-26,0.89,5.496,420.371,0.019,-729744000.0,-0.079,-27,340,1
2018-11-27,0.89,5.605,420.371,0.019,-729744000.0,-0.038,-14,373,1
2018-11-28,0.89,5.942,420.371,0.019,-729744000.0,-0.022,-10,465,1
2018-11-29,0.89,6.07,420.371,0.019,-729744000.0,-0.02,-8,395,1
2018-11-30,0.89,6.015,420.371,0.019,-729744000.0,-0.091,-28,307,0
2018-12-03,0.89,6.103,420.371,0.019,-729744000.0,-0.103,-38,370,1
2018-12-04,0.89,5.788,420.371,0.019,-729744000.0,-0.108,-36,332,0
2018-12-06,0.89,5.947,420.371,0.019,-729744000.0,-0.069,-27,390,1
2018-12-07,0.89,5.574,420.371,0.019,-729744000.0,-0.116,-34,293,0
2018-12-10,0.89,5.67,420.371,0.019,-729744000.0,-0.11,-31,283,1
2018-12-11,0.89,5.577,420.371,0.019,-729744000.0,-0.174,-54,311,0
2018-12-12,0.89,5.778,420.371,0.019,-729744000.0,-0.051,-23,453,1
2018-12-13,0.89,5.802,420.371,0.019,-729744000.0,-0.127,-35,276,1
2018-12-14,0.89,5.609,420.371,0.019,-729744000.0,-0.13,-37,284,0
2018-12-17,0.89,5.524,420.371,0.019,-729744000.0,-0.097,-30,308,0
2018-12-18,0.89,5.696,420.371,0.019,-729744000.0,-0.069,-28,404,1
2018-12-19,0.89,5.608,420.371,0.019,-729744000.0,-0.079,-34,431,0
2018-12-20,0.89,5.478,420.371,0.019,-729744000.0,-0.164,-82,499,0
2018-12-21,0.89,5.18,420.371,0.019,-729744000.0,-0.163,-74,454,0
2018-12-24,0.89,4.917,420.371,0.019,-729744000.0,-0.109,-33,303,0
2018-12-26,0.89,5.333,420.371,0.019,-729744000.0,-0.07,-23,330,1
2018-12-27,0.89,5.373,420.371,0.019,-729744000.0,-0.089,-31,349,1
2018-12-28,0.89,5.383,420.371,0.019,-729744000.0,-0.006,-2,310,1
2018-12-31,0.3,5.627,892.2,0.006,-1305192000.0,-0.03,-11,368,1
2019-01-02,0.3,5.627,892.2,0.006,-1305192000.0,-0.118,-67,566,0
2019-01-03,0.3,5.701,892.2,0.006,-1305192000.0,-0.123,-67,543,1
2019-01-04,0.3,6.255,892.2,0.006,-1305192000.0,0.015,11,715,1
2019-01-07,0.3,6.629,892.2,0.006,-1305192000.0,-0.028,-18,647,1
2019-01-08,0.3,6.733,892.2,0.006,-1305192000.0,-0.092,-59,638,1
2019-01-09,0.3,6.726,892.2,0.006,-1305192000.0,-0.049,-22,449,0
2019-01-10,0.3,6.825,892.2,0.006,-1305192000.0,-0.049,-34,688,1
2019-01-11,0.3,7.097,892.2,0.006,-1305192000.0,-0.044,-47,1064,1
2019-01-14,0.3,6.999,892.2,0.006,-1305192000.0,-0.088,-35,398,0
2019-01-15,0.3,7.455,892.2,0.006,-1305192000.0,-0.078,-112,1434,1
2019-01-16,0.3,7.387,892.2,0.006,-1305192000.0,-0.116,-93,803,0
2019-01-17,0.3,7.425,892.2,0.006,-1305192000.0,-0.12,-269,2244,1
2019-01-18,0.3,7.128,892.2,0.006,-1305192000.0,-0.09,-144,1609,0
2019-01-22,0.3,6.835,892.2,0.006,-1305192000.0,-0.105,-84,798,0
2019-01-23,0.3,6.769,892.2,0.006,-1305192000.0,-0.125,-71,568,0
2019-01-24,0.3,6.867,892.2,0.006,-1305192000.0,-0.07,-30,429,1
2019-01-25,0.3,7.106,892.2,0.006,-1305192000.0,-0.062,-24,388,1
2019-01-28,0.3,7.056,892.2,0.006,-1305192000.0,-0.068,-22,326,0
2019-01-29,0.3,6.914,892.2,0.006,-1305192000.0,-0.104,-37,357,0
2019-01-30,0.3,7.161,892.2,0.006,-1305192000.0,-0.083,-28,336,1
2019-01-31,0.3,7.137,892.2,0.006,-1305192000.0,-0.069,-28,404,0
2019-02-01,0.3,7.144,892.2,0.006,-1305192000.0,-0.086,-28,325,1
2019-02-04,0.3,7.386,892.2,0.006,-1305192000.0,-0.069,-36,523,1
2019-02-05,0.3,7.48,892.2,0.006,-1305192000.0,-0.055,-26,473,1
2019-02-06,0.3,7.404,892.2,0.006,-1305192000.0,-0.139,-50,360,0
2019-02-07,0.3,7.246,892.2,0.006,-1305192000.0,-0.113,-32,284,0
2019-02-08,0.3,7.306,892.2,0.006,-1305192000.0,-0.101,-34,336,1
2019-02-11,0.3,7.268,892.2,0.006,-1305192000.0,-0.068,-17,252,0
2019-02-12,0.3,7.567,892.2,0.006,-1305192000.0,-0.011,-6,526,1
2019-02-13,0.3,7.395,892.2,0.006,-1305192000.0,-0.057,-29,509,0
2019-02-14,0.3,7.548,892.2,0.006,-1305192000.0,-0.002,-1,441,1
2019-02-15,0.3,7.502,892.2,0.006,-1305192000.0,-0.094,-39,416,0
2019-02-19,0.3,7.608,892.2,0.006,-1305192000.0,-0.051,-23,448,1
2019-02-20,0.3,7.566,892.2,0.006,-1305192000.0,-0.096,-37,384,0
2019-02-21,0.3,7.504,892.2,0.006,-1305192000.0,-0.112,-35,313,0
2019-02-22,0.3,7.631,892.2,0.006,-1305192000.0,-0.083,-27,326,1
2019-02-25,0.3,7.65,892.2,0.006,-1305192000.0,-0.023,-9,390,1
2019-02-26,0.3,7.672,892.2,0.006,-1305192000.0,-0.091,-28,308,1
2019-02-27,0.3,7.628,892.2,0.006,-1305192000.0,-0.102,-31,303,0
2019-02-28,0.3,7.528,892.2,0.006,-1305192000.0,-0.176,-63,358,0
2019-03-01,0.3,7.511,892.2,0.006,-1305192000.0,-0.161,-50,310,0
2019-03-04,0.3,7.379,892.2,0.006,-1305192000.0,-0.161,-51,317,0
2019-03-05,0.3,7.448,892.2,0.006,-1305192000.0,-0.062,-22,358,1
2019-03-06,0.3,7.56,892.2,0.006,-1305192000.0,-0.028,-10,357,1
2019-03-07,0.3,7.412,892.2,0.006,-1305192000.0,-0.104,-37,355,0
2019-03-08,0.3,7.349,892.2,0.006,-1305192000.0,-0.108,-39,360,0
2019-03-11,0.3,7.544,892.2,0.006,-1305192000.0,-0.114,-31,271,1
2019-03-12,0.3,7.489,892.2,0.006,-1305192000.0,-0.08,-23,289,0
2019-03-13,0.3,7.593,892.2,0.006,-1305192000.0,-0.105,-34,325,1
2019-03-14,0.3,7.543,892.2,0.006,-1305192000.0,-0.085,-28,328,0
2019-03-15,0.3,7.598,892.2,0.006,-1305192000.0,-0.015,-5,341,1
2019-03-18,0.3,7.64,892.2,0.006,-1305192000.0,-0.003,-1,335,1
2019-03-19,0.3,7.542,892.2,0.006,-1305192000.0,-0.132,-51,387,0
2019-03-20,0.3,7.888,892.2,0.006,-1305192000.0,0.009,5,576,1
2019-03-21,0.3,7.943,892.2,0.006,-1305192000.0,-0.044,-19,428,1
2019-03-22,0.3,7.589,892.2,0.006,-1305192000.0,-0.045,-17,381,0
2019-03-25,0.3,7.699,892.2,0.006,-1305192000.0,-0.108,-46,426,1
2019-03-26,0.3,7.567,892.2,0.006,-1305192000.0,-0.091,-30,330,0
2019-03-27,0.3,7.428,892.2,0.006,-1305192000.0,-0.117,-32,273,0
2019-03-28,0.3,7.454,892.2,0.006,-1305192000.0,-0.081,-22,273,1
2019-03-29,0.3,7.495,892.2,0.006,-1305192000.0,-0.092,-20,217,1
2019-04-01,0.76,7.714,469.158,0.016,-440180000.0,-0.007,-2,279,1
2019-04-02,0.76,7.73,469.158,0.016,-440180000.0,-0.034,-11,326,1
2019-04-03,0.76,7.773,469.158,0.016,-440180000.0,-0.039,-13,337,1
2019-04-04,0.76,7.733,469.158,0.016,-440180000.0,-0.049,-14,287,0
2019-04-05,0.76,7.683,469.158,0.016,-440180000.0,-0.106,-27,254,0
2019-04-08,0.76,7.597,469.158,0.016,-440180000.0,-0.112,-34,303,0
2019-04-09,0.76,7.667,469.158,0.016,-440180000.0,-0.03,-11,372,1
2019-04-10,0.76,7.65,469.158,0.016,-440180000.0,-0.069,-27,392,0
2019-04-11,0.76,7.729,469.158,0.016,-440180000.0,-0.061,-26,425,1
2019-04-12,0.76,7.382,469.158,0.016,-440180000.0,-0.154,-166,1080,0
2019-04-15,0.76,7.334,469.158,0.016,-440180000.0,-0.122,-67,550,0
2019-04-16,0.76,7.556,469.158,0.016,-440180000.0,-0.078,-133,1717,1
2019-04-17,0.76,7.457,469.158,0.016,-440180000.0,-0.083,-88,1065,0
2019-04-18,0.76,7.575,469.158,0.016,-440180000.0,-0.044,-20,450,1
2019-04-22,0.76,7.932,469.158,0.016,-440180000.0,-0.002,-1,581,1
2019-04-23,0.76,8.028,469.158,0.016,-440180000.0,-0.041,-22,531,1
2019-04-24,0.76,7.867,469.158,0.016,-440180000.0,-0.098,-43,441,0
2019-04-25,0.76,7.743,469.158,0.016,-440180000.0,-0.118,-41,348,0
2019-04-26,0.76,7.88,469.158,0.016,-440180000.0,-0.063,-20,316,1
2019-04-29,0.76,7.816,469.158,0.016,-440180000.0,-0.075,-19,253,0
2019-04-30,0.76,7.789,469.158,0.016,-440180000.0,-0.03,-9,302,0
2019-05-01,0.76,7.963,469.158,0.016,-440180000.0,0.0,0,442,1
2019-05-02,0.76,7.968,469.158,0.016,-440180000.0,-0.06,-25,420,1
2019-05-03,0.76,8.094,469.158,0.016,-440180000.0,-0.074,-31,419,1
2019-05-06,0.76,7.96,469.158,0.016,-440180000.0,-0.081,-28,345,0
2019-05-07,0.76,7.788,469.158,0.016,-440180000.0,-0.076,-26,340,0
2019-05-08,0.76,7.66,469.158,0.016,-440180000.0,-0.122,-49,401,0
2019-05-09,0.76,7.626,469.158,0.016,-440180000.0,-0.104,-42,405,0
2019-05-10,0.76,7.59,469.158,0.016,-440180000.0,-0.118,-36,306,0
2019-05-13,0.76,7.258,469.158,0.016,-440180000.0,-0.101,-37,367,0
2019-05-14,0.76,7.265,469.158,0.016,-440180000.0,-0.109,-44,403,1
2019-05-15,0.76,7.462,469.158,0.016,-440180000.0,-0.047,-20,422,1
2019-05-16,0.76,7.553,469.158,0.016,-440180000.0,-0.026,-10,391,1
2019-05-17,0.76,7.451,469.158,0.016,-440180000.0,-0.065,-22,337,0
2019-05-20,0.76,7.318,469.158,0.016,-440180000.0,-0.05,-14,282,0
2019-05-21,0.76,7.447,469.158,0.016,-440180000.0,-0.07,-26,374,1
2019-05-22,0.76,7.562,469.158,0.016,-440180000.0,-0.073,-31,427,1
2019-05-23,0.76,7.404,469.158,0.016,-440180000.0,-0.097,-33,341,0
2019-05-24,0.76,7.45,469.158,0.016,-440180000.0,-0.062,-17,272,1
2019-05-28,0.76,7.464,469.158,0.016,-440180000.0,-0.101,-23,228,1
2019-05-29,0.76,7.341,469.158,0.016,-440180000.0,-0.083,-24,288,0
2019-05-30,0.76,7.396,469.158,0.016,-440180000.0,-0.07,-16,227,1
2019-05-31,0.76,7.216,469.158,0.016,-440180000.0,-0.091,-24,263,0
2019-06-03,0.76,7.077,469.158,0.016,-440180000.0,-0.129,-38,294,0
2019-06-04,0.76,7.429,469.158,0.016,-440180000.0,-0.04,-16,399,1
2019-06-05,0.76,7.478,469.158,0.016,-440180000.0,-0.071,-24,337,1
2019-06-06,0.76,7.507,469.158,0.016,-440180000.0,-0.085,-22,259,1
2019-06-07,0.76,7.586,469.158,0.016,-440180000.0,-0.026,-7,264,1
2019-06-10,0.76,7.4,469.158,0.016,-440180000.0,-0.113,-40,355,0
2019-06-11,0.76,7.384,469.158,0.016,-440180000.0,-0.048,-15,315,0
2019-06-12,0.76,7.264,469.158,0.016,-440180000.0,-0.09,-27,299,0
2019-06-13,0.76,7.219,469.158,0.016,-440180000.0,-0.1,-40,402,0
2019-06-14,0.76,7.142,469.158,0.016,-440180000.0,-0.086,-31,361,0
2019-06-17,0.76,7.371,469.158,0.016,-440180000.0,-0.021,-7,333,1
2019-06-18,0.76,7.507,469.158,0.016,-440180000.0,-0.069,-20,290,1
2019-06-19,0.76,7.642,469.158,0.016,-440180000.0,-0.095,-32,337,1
2019-06-20,0.76,7.677,469.158,0.016,-440180000.0,-0.029,-8,278,1
2019-06-21,0.76,7.761,469.158,0.016,-440180000.0,-0.107,-30,280,1
2019-06-24,0.76,7.8,469.158,0.016,-440180000.0,-0.047,-12,257,1
2019-06-25,0.76,7.574,469.158,0.016,-440180000.0,-0.06,-19,319,0
2019-06-26,0.76,7.614,469.158,0.016,-440180000.0,-0.122,-35,286,1
2019-06-27,0.76,7.778,469.158,0.016,-440180000.0,-0.075,-23,305,1
2019-06-28,0.76,7.722,469.158,0.016,-440180000.0,-0.095,-22,232,0
2019-07-01,0.6,7.875,612.2,0.013,-583338000.0,-0.041,-10,244,1
2019-07-02,0.6,7.892,612.2,0.013,-583338000.0,-0.087,-22,254,1
2019-07-03,0.6,8.024,612.2,0.013,-583338000.0,-0.038,-11,286,1
2019-07-05,0.6,8.0,612.2,0.013,-583338000.0,-0.09,-19,211,0
2019-07-08,0.6,7.908,612.2,0.013,-583338000.0,-0.102,-25,246,0
2019-07-09,0.6,7.987,612.2,0.013,-583338000.0,-0.079,-45,572,1
2019-07-10,0.6,8.009,612.2,0.013,-583338000.0,-0.158,-71,450,1
2019-07-11,0.6,7.978,612.2,0.013,-583338000.0,-0.069,-21,303,0
2019-07-12,0.6,7.846,612.2,0.013,-583338000.0,-0.062,-22,352,0
2019-07-15,0.6,7.707,612.2,0.013,-583338000.0,-0.076,-34,448,0
2019-07-16,0.6,7.694,612.2,0.013,-583338000.0,-0.063,-25,399,0
2019-07-17,0.6,7.619,612.2,0.013,-583338000.0,-0.172,-343,1988,0
2019-07-18,0.6,6.836,612.2,0.013,-583338000.0,-0.163,-292,1787,0
2019-07-19,0.6,6.624,612.2,0.013,-583338000.0,-0.18,-111,616,0
2019-07-22,0.6,6.53,612.2,0.013,-583338000.0,-0.087,-52,600,0
2019-07-23,0.6,6.46,612.2,0.013,-583338000.0,-0.176,-81,459,0
2019-07-24,0.6,6.684,612.2,0.013,-583338000.0,-0.06,-39,654,1
2019-07-25,0.6,6.863,612.2,0.013,-583338000.0,-0.01,-6,602,1
2019-07-26,0.6,7.059,612.2,0.013,-583338000.0,-0.036,-16,450,1
2019-07-29,0.6,6.994,612.2,0.013,-583338000.0,-0.122,-43,351,0
2019-07-30,0.6,6.852,612.2,0.013,-583338000.0,-0.146,-52,355,0
2019-07-31,0.6,6.79,612.2,0.013,-583338000.0,-0.135,-47,348,0
2019-08-01,0.6,6.716,612.2,0.013,-583338000.0,-0.116,-31,267,0
2019-08-02,0.6,6.702,612.2,0.013,-583338000.0,-0.085,-21,248,0
2019-08-05,0.6,6.467,612.2,0.013,-583338000.0,-0.14,-41,292,0
2019-08-06,0.6,6.519,612.2,0.013,-583338000.0,-0.144,-51,355,1
2019-08-07,0.6,6.397,612.2,0.013,-583338000.0,-0.117,-50,429,0
2019-08-08,0.6,6.641,612.2,0.013,-583338000.0,-0.048,-17,355,1
2019-08-09,0.6,6.494,612.2,0.013,-583338000.0,-0.027,-6,224,0
2019-08-12,0.6,6.534,612.2,0.013,-583338000.0,-0.056,-16,283,1
2019-08-13,0.6,6.565,612.2,0.013,-583338000.0,-0.096,-26,271,1
2019-08-14,0.6,6.288,612.2,0.013,-583338000.0,-0.173,-49,283,0
2019-08-15,0.6,6.217,612.2,0.013,-583338000.0,-0.074,-25,340,0
2019-08-16,0.6,6.365,612.2,0.013,-583338000.0,-0.118,-36,306,1
2019-08-19,0.6,6.504,612.2,0.013,-583338000.0,-0.067,-31,465,1
2019-08-20,0.6,6.285,612.2,0.013,-583338000.0,-0.117,-65,554,0
2019-08-21,0.6,6.26,612.2,0.013,-583338000.0,-0.134,-70,522,0
2019-08-22,0.6,6.242,612.2,0.013,-583338000.0,-0.109,-48,439,0
2019-08-23,0.6,6.127,612.2,0.013,-583338000.0,-0.117,-55,471,0
2019-08-26,0.6,6.201,612.2,0.013,-583338000.0,-0.088,-41,468,1
2019-08-27,0.6,6.118,612.2,0.013,-583338000.0,-0.154,-76,493,0
2019-08-28,0.6,6.133,612.2,0.013,-583338000.0,-0.113,-59,521,1
2019-08-29,0.6,6.239,612.2,0.013,-583338000.0,-0.068,-37,542,1
2019-08-30,0.6,6.175,612.2,0.013,-583338000.0,-0.101,-45,444,0
2019-09-03,0.6,6.081,612.2,0.013,-583338000.0,-0.073,-36,496,0
2019-09-04,0.6,6.128,612.2,0.013,-583338000.0,-0.068,-34,500,1
2019-09-05,0.6,6.165,612.2,0.013,-583338000.0,-0.088,-61,691,1
2019-09-06,0.6,6.1,612.2,0.013,-583338000.0,-0.066,-32,484,0
2019-09-09,0.6,6.188,612.2,0.013,-583338000.0,-0.078,-32,410,1
2019-09-10,0.6,6.054,612.2,0.013,-583338000.0,-0.132,-96,728,0
2019-09-11,0.6,6.06,612.2,0.013,-583338000.0,-0.118,-47,400,1
2019-09-12,0.6,6.072,612.2,0.013,-583338000.0,-0.084,-26,309,1
2019-09-13,0.6,6.184,612.2,0.013,-583338000.0,-0.064,-23,357,1
2019-09-16,0.6,6.186,612.2,0.013,-583338000.0,-0.108,-46,426,1
2019-09-17,0.6,6.277,612.2,0.013,-583338000.0,-0.054,-22,406,1
2019-09-18,0.6,6.129,612.2,0.013,-583338000.0,-0.114,-47,414,0
2019-09-19,0.6,6.025,612.2,0.013,-583338000.0,-0.184,-92,501,0
2019-09-20,0.6,5.692,612.2,0.013,-583338000.0,-0.138,-129,937,0
2019-09-23,0.6,5.59,612.2,0.013,-583338000.0,-0.127,-85,668,0
2019-09-24,0.6,5.352,612.2,0.013,-583338000.0,-0.122,-94,770,0
2019-09-25,0.6,5.565,612.2,0.013,-583338000.0,-0.11,-59,534,1
2019-09-26,0.6,5.535,612.2,0.013,-583338000.0,-0.117,-46,392,0
2019-09-27,0.6,5.53,612.2,0.013,-583338000.0,-0.093,-31,332,0
2019-09-30,1.47,5.626,182.054,0.031,-547127000.0,-0.056,-16,284,1
2019-10-01,1.47,5.667,182.054,0.031,-547127000.0,-0.063,-22,347,1
2019-10-02,1.47,5.634,182.054,0.031,-547127000.0,-0.087,-30,346,0
2019-10-03,1.47,5.637,182.054,0.031,-547127000.0,-0.108,-37,343,1
2019-10-04,1.47,5.734,182.054,0.031,-547127000.0,-0.135,-68,503,1
2019-10-07,1.47,5.77,182.054,0.031,-547127000.0,-0.093,-35,375,1
2019-10-08,1.47,5.691,182.054,0.031,-547127000.0,-0.128,-44,344,0
2019-10-09,1.47,5.624,182.054,0.031,-547127000.0,-0.091,-38,418,0
2019-10-10,1.47,5.896,182.054,0.031,-547127000.0,-0.063,-35,558,1
2019-10-11,1.47,5.948,182.054,0.031,-547127000.0,-0.082,-42,509,1
2019-10-14,1.47,6.002,182.054,0.031,-547127000.0,-0.096,-32,334,1
2019-10-15,1.47,5.975,182.054,0.031,-547127000.0,-0.094,-46,488,0
2019-10-16,1.47,6.018,182.054,0.031,-547127000.0,-0.063,-107,1693,1
2019-10-17,1.47,6.167,182.054,0.031,-547127000.0,-0.088,-136,1553,1
2019-10-18,1.47,5.787,182.054,0.031,-547127000.0,-0.09,-67,746,0
2019-10-21,1.47,5.845,182.054,0.031,-547127000.0,-0.069,-35,510,1
2019-10-22,1.47,5.606,182.054,0.031,-547127000.0,-0.143,-84,589,0
2019-10-23,1.47,5.703,182.054,0.031,-547127000.0,-0.074,-30,405,1
2019-10-24,1.47,5.707,182.054,0.031,-547127000.0,-0.117,-34,290,1
2019-10-25,1.47,5.819,182.054,0.031,-547127000.0,-0.094,-27,286,1
2019-10-28,1.47,5.925,182.054,0.031,-547127000.0,-0.057,-15,263,1
2019-10-29,1.47,5.911,182.054,0.031,-547127000.0,-0.074,-27,365,0
2019-10-30,1.47,6.127,182.054,0.031,-547127000.0,-0.08,-41,516,1
2019-10-31,1.47,6.042,182.054,0.031,-547127000.0,-0.101,-22,217,0
2019-11-01,1.47,6.029,182.054,0.031,-547127000.0,-0.09,-25,278,0
2019-11-04,1.47,6.156,182.054,0.031,-547127000.0,-0.061,-14,229,1
2019-11-05,1.47,6.055,182.054,0.031,-547127000.0,-0.085,-21,247,0
2019-11-06,1.47,6.067,182.054,0.031,-547127000.0,-0.065,-19,293,1
2019-11-07,1.47,6.087,182.054,0.031,-547127000.0,-0.13,-54,416,1
2019-11-08,1.47,6.129,182.054,0.031,-547127000.0,-0.124,-36,291,1
2019-11-11,1.47,6.184,182.054,0.031,-547127000.0,-0.101,-24,237,1
2019-11-12,1.47,6.139,182.054,0.031,-547127000.0,-0.05,-23,459,0
2019-11-13,1.47,5.951,182.054,0.031,-547127000.0,-0.12,-74,616,0
2019-11-14,1.47,6.088,182.054,0.031,-547127000.0,-0.139,-63,452,1
2019-11-15,1.47,6.202,182.054,0.031,-547127000.0,-0.036,-13,365,1
2019-11-18,1.47,6.361,182.054,0.031,-547127000.0,-0.02,-10,506,1
2019-11-19,1.47,6.361,182.054,0.031,-547127000.0,-0.079,-33,420,1
2019-11-20,1.47,6.415,182.054,0.031,-547127000.0,-0.067,-26,386,1
2019-11-21,1.47,6.552,182.054,0.031,-547127000.0,-0.098,-42,427,1
2019-11-22,1.47,6.527,182.054,0.031,-547127000.0,-0.022,-6,278,0
2019-11-25,1.47,6.633,182.054,0.031,-547127000.0,-0.101,-48,477,1
2019-11-26,1.47,6.569,182.054,0.031,-547127000.0,-0.056,-20,357,0
2019-11-27,1.47,6.641,182.054,0.031,-547127000.0,-0.147,-45,306,1
2019-11-29,1.47,6.615,182.054,0.031,-547127000.0,-0.104,-18,173,0
2019-12-02,1.47,6.517,182.054,0.031,-547127000.0,-0.1,-33,330,0
2019-12-03,1.47,6.436,182.054,0.031,-547127000.0,-0.103,-25,242,0
2019-12-04,1.47,6.397,182.054,0.031,-547127000.0,-0.071,-14,198,0
2019-12-05,1.47,6.367,182.054,0.031,-547127000.0,-0.126,-30,239,0
2019-12-06,1.47,6.461,182.054,0.031,-547127000.0,-0.087,-23,264,1
2019-12-09,1.47,6.359,182.054,0.031,-547127000.0,-0.046,-14,305,0
2019-12-10,1.47,6.162,182.054,0.031,-547127000.0,-0.167,-108,646,0
2019-12-11,1.47,6.284,182.054,0.031,-547127000.0,-0.136,-66,487,1
2019-12-12,1.47,6.274,182.054,0.031,-547127000.0,-0.099,-32,323,0
2019-12-13,1.47,6.275,182.054,0.031,-547127000.0,-0.059,-15,253,1
2019-12-16,1.47,6.395,182.054,0.031,-547127000.0,-0.03,-9,303,1
2019-12-17,1.47,6.632,182.054,0.031,-547127000.0,-0.017,-9,539,1
2019-12-18,1.47,6.744,182.054,0.031,-547127000.0,-0.005,-3,570,1
2019-12-19,1.47,6.984,182.054,0.031,-547127000.0,-0.011,-6,560,1
2019-12-20,1.47,7.082,182.054,0.031,-547127000.0,0.002,1,453,1
2019-12-23,1.47,7.002,182.054,0.031,-547127000.0,-0.135,-44,326,0
2019-12-24,1.47,7.004,182.054,0.031,-547127000.0,-0.045,-10,224,1
2019-12-26,1.47,6.992,182.054,0.031,-547127000.0,-0.073,-20,275,0
2019-12-27,1.47,6.918,182.054,0.031,-547127000.0,-0.031,-9,288,0
2019-12-30,1.47,6.797,182.054,0.031,-547127000.0,-0.063,-21,333,0
2019-12-31,1.3,6.802,248.9,0.027,-1569712000.0,-0.07,-19,273,1
2020-01-02,1.3,6.933,248.9,0.027,-1569712000.0,-0.038,-13,339,1
2020-01-03,1.3,6.851,248.9,0.027,-1569712000.0,-0.155,-48,309,0
2020-01-06,1.3,7.06,248.9,0.027,-1569712000.0,-0.03,-16,543,1
2020-01-07,1.3,6.953,248.9,0.027,-1569712000.0,-0.05,-21,422,0
2020-01-08,1.3,7.132,248.9,0.027,-1569712000.0,-0.074,-37,501,1
2020-01-09,1.3,7.056,248.9,0.027,-1569712000.0,-0.08,-30,377,0
2020-01-10,1.3,6.917,248.9,0.027,-1569712000.0,-0.068,-20,294,0
2020-01-13,1.3,7.125,248.9,0.027,-1569712000.0,-0.04,-16,396,1
2020-01-14,1.3,7.12,248.9,0.027,-1569712000.0,-0.021,-9,421,0
2020-01-15,1.3,7.128,248.9,0.027,-1569712000.0,-0.101,-32,318,1
2020-01-16,1.3,7.118,248.9,0.027,-1569712000.0,-0.092,-35,380,0
2020-01-17,1.3,7.14,248.9,0.027,-1569712000.0,-0.045,-20,446,1
2020-01-21,1.3,7.108,248.9,0.027,-1569712000.0,-0.066,-93,1406,0
2020-01-22,1.3,6.853,248.9,0.027,-1569712000.0,-0.109,-143,1312,0
2020-01-23,1.3,7.349,248.9,0.027,-1569712000.0,-0.022,-27,1214,1
2020-01-24,1.3,7.424,248.9,0.027,-1569712000.0,-0.063,-52,829,1
2020-01-27,1.3,7.208,248.9,0.027,-1569712000.0,-0.125,-54,432,0
2020-01-28,1.3,7.326,248.9,0.027,-1569712000.0,-0.097,-44,454,1
2020-01-29,1.3,7.214,248.9,0.027,-1569712000.0,-0.143,-55,385,0
2020-01-30,1.3,7.31,248.9,0.027,-1569712000.0,-0.189,-64,339,1
2020-01-31,1.3,7.254,248.9,0.027,-1569712000.0,-0.166,-52,313,0
2020-02-03,1.3,7.526,248.9,0.027,-1569712000.0,-0.002,-1,420,1
2020-02-04,1.3,7.757,248.9,0.027,-1569712000.0,-0.064,-36,562,1
2020-02-05,1.3,7.771,248.9,0.027,-1569712000.0,-0.073,-36,492,1
2020-02-06,1.3,7.714,248.9,0.027,-1569712000.0,-0.129,-40,311,0
2020-02-07,1.3,7.71,248.9,0.027,-1569712000.0,-0.065,-23,353,0
2020-02-10,1.3,7.801,248.9,0.027,-1569712000.0,-0.075,-32,428,1
2020-02-11,1.3,7.856,248.9,0.027,-1569712000.0,-0.031,-12,388,1
2020-02-12,1.3,7.988,248.9,0.027,-1569712000.0,-0.065,-23,353,1
2020-02-13,1.3,8.018,248.9,0.027,-1569712000.0,-0.098,-41,419,1
2020-02-14,1.3,7.997,248.9,0.027,-1569712000.0,-0.093,-27,289,0
2020-02-18,1.3,8.152,248.9,0.027,-1569712000.0,-0.087,-37,426,1
2020-02-19,1.3,8.118,248.9,0.027,-1569712000.0,-0.054,-20,368,0
2020-02-20,1.3,8.114,248.9,0.027,-1569712000.0,-0.087,-26,300,0
2020-02-21,1.3,7.99,248.9,0.027,-1569712000.0,-0.117,-34,291,0
2020-02-24,1.3,7.751,248.9,0.027,-1569712000.0,-0.152,-56,368,0
2020-02-25,1.3,7.57,248.9,0.027,-1569712000.0,-0.087,-33,380,0
2020-02-26,1.3,7.972,248.9,0.027,-1569712000.0,-0.063,-30,479,1
2020-02-27,1.3,7.814,248.9,0.027,-1569712000.0,-0.121,-91,750,0
2020-02-28,1.3,7.758,248.9,0.027,-1569712000.0,-0.12,-42,350,0
2020-03-02,1.3,8.01,248.9,0.027,-1569712000.0,-0.103,-24,232,1
2020-03-03,1.3,7.752,248.9,0.027,-1569712000.0,-0.098,-40,409,0
2020-03-04,1.3,8.068,248.9,0.027,-1569712000.0,-0.19,-62,327,1
2020-03-05,1.3,7.836,248.9,0.027,-1569712000.0,-0.115,-52,452,0
2020-03-06,1.3,7.756,248.9,0.027,-1569712000.0,-0.158,-60,381,0
2020-03-09,1.3,7.284,248.9,0.027,-1569712000.0,-0.18,-70,388,0
2020-03-10,1.3,7.655,248.9,0.027,-1569712000.0,-0.1,-39,389,1
2020-03-11,1.3,7.356,248.9,0.027,-1569712000.0,-0.127,-48,377,0
2020-03-12,1.3,6.627,248.9,0.027,-1569712000.0,-0.196,-92,470,0
2020-03-13,1.3,7.07,248.9,0.027,-1569712000.0,-0.155,-54,349,1
2020-03-16,1.3,6.282,248.9,0.027,-1569712000.0,-0.144,-55,382,0
2020-03-17,1.3,6.722,248.9,0.027,-1569712000.0,-0.169,-64,379,1
2020-03-18,1.3,6.632,248.9,0.027,-1569712000.0,-0.158,-66,418,0
2020-03-19,1.3,6.98,248.9,0.027,-1569712000.0,-0.139,-54,388,1
2020-03-20,1.3,6.997,248.9,0.027,-1569712000.0,-0.147,-46,313,1
2020-03-23,1.3,7.573,248.9,0.027,-1569712000.0,-0.106,-57,537,1
2020-03-24,1.3,7.511,248.9,0.027,-1569712000.0,-0.128,-56,439,0
2020-03-25,1.3,7.198,248.9,0.027,-1569712000.0,-0.133,-48,362,0
2020-03-26,1.3,7.631,248.9,0.027,-1569712000.0,-0.101,-29,286,1
2020-03-27,1.3,7.507,248.9,0.027,-1569712000.0,-0.024,-7,287,0
2020-03-30,1.3,7.798,248.9,0.027,-1569712000.0,-0.082,-29,354,1
2020-03-31,1.57,7.894,239.172,0.033,161897000.0,-0.08,-27,336,1
2020-04-01,1.57,7.654,239.172,0.033,161897000.0,-0.06,-20,333,0
2020-04-02,1.57,7.78,239.172,0.033,161897000.0,-0.124,-43,347,1
2020-04-03,1.57,7.605,239.172,0.033,161897000.0,-0.096,-24,251,0
2020-04-06,1.57,7.987,239.172,0.033,161897000.0,-0.07,-27,388,1
2020-04-07,1.57,7.826,239.172,0.033,161897000.0,-0.13,-51,391,0
2020-04-08,1.57,7.802,239.172,0.033,161897000.0,-0.119,-47,396,0
2020-04-09,1.57,7.793,239.172,0.033,161897000.0,-0.066,-24,361,0
2020-04-13,1.57,8.34,239.172,0.033,161897000.0,-0.012,-12,1014,1
2020-04-14,1.57,8.694,239.172,0.033,161897000.0,-0.024,-20,849,1
2020-04-15,1.57,8.971,239.172,0.033,161897000.0,-0.024,-25,1051,1
2020-04-16,1.57,9.232,239.172,0.033,161897000.0,-0.097,-115,1189,1
2020-04-17,1.57,8.891,239.172,0.033,161897000.0,-0.064,-53,824,0
2020-04-20,1.57,9.197,239.172,0.033,161897000.0,-0.062,-54,864,1
2020-04-21,1.57,9.12,239.172,0.033,161897000.0,-0.077,-155,2006,0
2020-04-22,1.57,8.859,239.172,0.033,161897000.0,-0.081,-109,1353,0
2020-04-23,1.57,8.97,239.172,0.033,161897000.0,-0.054,-37,683,1
2020-04-24,1.57,8.934,239.172,0.033,161897000.0,-0.082,-37,449,0
2020-04-27,1.57,8.858,239.172,0.033,161897000.0,-0.052,-21,405,0
2020-04-28,1.57,8.489,239.172,0.033,161897000.0,-0.111,-64,578,0
2020-04-29,1.57,8.659,239.172,0.033,161897000.0,0.0,0,501,1
2020-04-30,1.57,8.826,239.172,0.033,161897000.0,-0.051,-23,448,1
2020-05-01,1.57,8.73,239.172,0.033,161897000.0,-0.03,-12,404,0
2020-05-04,1.57,9.0,239.172,0.033,161897000.0,-0.02,-11,539,1
2020-05-05,1.57,8.927,239.172,0.033,161897000.0,-0.076,-40,528,0
2020-05-06,1.57,9.129,239.172,0.033,161897000.0,-0.062,-34,548,1
2020-05-07,1.57,9.177,239.172,0.033,161897000.0,-0.057,-24,424,1
2020-05-08,1.57,9.156,239.172,0.033,161897000.0,-0.06,-22,367,0
2020-05-11,1.57,9.26,239.172,0.033,161897000.0,-0.048,-20,421,1
2020-05-12,1.57,9.078,239.172,0.033,161897000.0,-0.032,-15,462,0
2020-05-13,1.57,9.213,239.172,0.033,161897000.0,-0.098,-51,519,1
2020-05-14,1.57,9.291,239.172,0.033,161897000.0,-0.04,-25,627,1
2020-05-15,1.57,9.548,239.172,0.033,161897000.0,-0.061,-31,511,1
2020-05-18,1.57,9.514,239.172,0.033,161897000.0,-0.086,-45,521,0
2020-05-19,1.57,9.482,239.172,0.033,161897000.0,-0.065,-28,429,0
2020-05-20,1.57,9.411,239.172,0.033,161897000.0,-0.091,-38,418,0
2020-05-21,1.57,9.171,239.172,0.033,161897000.0,-0.106,-54,512,0
2020-05-22,1.57,9.025,239.172,0.033,161897000.0,-0.085,-26,306,0
2020-05-26,1.57,8.719,239.172,0.033,161897000.0,-0.113,-57,503,0
2020-05-27,1.57,8.827,239.172,0.033,161897000.0,-0.056,-34,602,1
2020-05-28,1.57,8.691,239.172,0.033,161897000.0,-0.041,-18,443,0
2020-05-29,1.57,8.823,239.172,0.033,161897000.0,-0.083,-23,276,1
2020-06-01,1.57,8.954,239.172,0.033,161897000.0,-0.011,-4,375,1
2020-06-02,1.57,8.983,239.172,0.033,161897000.0,-0.043,-14,323,1
2020-06-03,1.57,8.871,239.172,0.033,161897000.0,-0.096,-41,429,0
2020-06-04,1.57,8.71,239.172,0.033,161897000.0,-0.108,-44,409,0
2020-06-05,1.57,8.821,239.172,0.033,161897000.0,-0.075,-29,389,1
2020-06-08,1.57,8.818,239.172,0.033,161897000.0,-0.06,-28,469,0
2020-06-09,1.57,9.124,239.172,0.033,161897000.0,-0.045,-25,561,1
2020-06-10,1.57,9.133,239.172,0.033,161897000.0,-0.087,-39,449,1
2020-06-11,1.57,8.946,239.172,0.033,161897000.0,-0.043,-26,611,0
2020-06-12,1.57,8.789,239.172,0.033,161897000.0,-0.067,-29,430,0
2020-06-15,1.57,8.945,239.172,0.033,161897000.0,-0.063,-28,443,1
2020-06-16,1.57,9.168,239.172,0.033,161897000.0,-0.049,-22,449,1
2020-06-17,1.57,9.413,239.172,0.033,161897000.0,-0.034,-17,495,1
2020-06-18,1.57,9.457,239.172,0.033,161897000.0,-0.036,-16,449,1
2020-06-19,1.57,9.538,239.172,0.033,161897000.0,-0.024,-8,339,1
2020-06-22,1.57,9.839,239.172,0.033,161897000.0,-0.028,-17,603,1
2020-06-23,1.57,9.802,239.172,0.033,161897000.0,-0.033,-17,521,0
2020-06-24,1.57,9.625,239.172,0.033,161897000.0,-0.062,-23,371,0
2020-06-25,1.57,9.794,239.172,0.033,161897000.0,-0.09,-32,354,1
2020-06-26,1.57,9.321,239.172,0.033,161897000.0,-0.059,-20,341,0
2020-06-29,1.57,9.402,239.172,0.033,161897000.0,-0.025,-8,317,1
2020-06-30,1.59,9.566,286.189,0.033,899335000.0,-0.015,-6,409,1
2020-07-01,1.59,10.209,286.189,0.033,899335000.0,-0.035,-29,834,1
2020-07-02,1.59,10.025,286.189,0.033,899335000.0,-0.022,-11,494,0
2020-07-06,1.59,10.381,286.189,0.033,899335000.0,-0.019,-16,839,1
2020-07-07,1.59,10.367,286.189,0.033,899335000.0,-0.006,-3,538,0
2020-07-08,1.59,10.569,286.189,0.033,899335000.0,-0.027,-16,595,1
2020-07-09,1.59,10.674,286.189,0.033,899335000.0,-0.079,-39,491,1
2020-07-10,1.59,11.535,286.189,0.033,899335000.0,0.01,12,1223,1
2020-07-13,1.59,11.047,286.189,0.033,899335000.0,-0.041,-42,1020,0
2020-07-14,1.59,11.034,286.189,0.033,899335000.0,-0.086,-63,732,0
2020-07-15,1.59,11.0,286.189,0.033,899335000.0,-0.03,-19,639,0
2020-07-16,1.59,11.087,286.189,0.033,899335000.0,-0.158,-442,2802,1
2020-07-17,1.59,10.363,286.189,0.033,899335000.0,-0.094,-176,1873,0
2020-07-20,1.59,10.561,286.189,0.033,899335000.0,-0.066,-58,884,1
2020-07-21,1.59,10.303,286.189,0.033,899335000.0,-0.074,-48,651,0
2020-07-22,1.59,10.297,286.189,0.033,899335000.0,-0.085,-49,577,0
2020-07-23,1.59,10.04,286.189,0.033,899335000.0,-0.099,-72,727,0
2020-07-24,1.59,10.1,286.189,0.033,899335000.0,-0.037,-26,701,1
2020-07-27,1.59,10.419,286.189,0.033,899335000.0,-0.012,-6,510,1
2020-07-28,1.59,10.269,286.189,0.033,899335000.0,-0.055,-20,364,0
2020-07-29,1.59,10.185,286.189,0.033,899335000.0,-0.061,-29,472,0
2020-07-30,1.59,10.212,286.189,0.033,899335000.0,-0.058,-24,416,1
2020-07-31,1.59,10.277,286.189,0.033,899335000.0,-0.047,-17,361,1
2020-08-03,1.59,10.482,286.189,0.033,899335000.0,-0.021,-11,528,1
2020-08-04,1.59,10.713,286.189,0.033,899335000.0,-0.031,-16,520,1
2020-08-05,1.59,10.555,286.189,0.033,899335000.0,-0.072,-32,442,0
2020-08-06,1.59,10.702,286.189,0.033,899335000.0,-0.039,-19,492,1
2020-08-07,1.59,10.4,286.189,0.033,899335000.0,-0.05,-27,542,0
2020-08-10,1.59,10.161,286.189,0.033,899335000.0,-0.037,-16,435,0
2020-08-11,1.59,9.816,286.189,0.033,899335000.0,-0.05,-30,601,0
2020-08-12,1.59,9.995,286.189,0.033,899335000.0,-0.038,-22,580,1
2020-08-13,1.59,10.118,286.189,0.033,899335000.0,-0.026,-12,455,1
2020-08-14,1.59,10.147,286.189,0.033,899335000.0,-0.053,-21,397,1
2020-08-17,1.59,10.14,286.189,0.033,899335000.0,-0.034,-14,414,0
2020-08-18,1.59,10.34,286.189,0.033,899335000.0,-0.043,-24,555,1
2020-08-19,1.59,10.186,286.189,0.033,899335000.0,-0.054,-28,518,0
2020-08-20,1.59,10.467,286.189,0.033,899335000.0,-0.03,-16,524,1
2020-08-21,1.59,10.349,286.189,0.033,899335000.0,-0.071,-35,491,0
2020-08-24,1.59,10.276,286.189,0.033,899335000.0,-0.063,-29,463,0
2020-08-25,1.59,10.313,286.189,0.033,899335000.0,-0.06,-28,464,1
2020-08-26,1.59,11.51,286.189,0.033,899335000.0,0.005,7,1511,1
2020-08-27,1.59,11.063,286.189,0.033,899335000.0,0.003,2,662,0
2020-08-28,1.59,11.013,286.189,0.033,899335000.0,0.005,2,405,0
2020-08-31,1.59,11.132,286.189,0.033,899335000.0,-0.018,-9,515,1
2020-09-01,1.59,11.7,286.189,0.033,899335000.0,0.035,25,711,1
2020-09-02,1.59,11.622,286.189,0.033,899335000.0,-0.04,-22,554,0
2020-09-03,1.59,11.052,286.189,0.033,899335000.0,-0.152,-72,474,0
2020-09-04,1.59,10.848,286.189,0.033,899335000.0,-0.063,-29,459,0
2020-09-08,1.59,10.658,286.189,0.033,899335000.0,-0.026,-13,504,0
2020-09-09,1.59,10.515,286.189,0.033,899335000.0,-0.089,-44,492,0
2020-09-10,1.59,10.104,286.189,0.033,899335000.0,-0.238,-133,559,0
2020-09-11,1.59,10.133,286.189,0.033,899335000.0,-0.258,-112,434,1
2020-09-14,1.59,10.012,286.189,0.033,899335000.0,-0.132,-76,577,0
2020-09-15,1.59,10.427,286.189,0.033,899335000.0,-0.077,-42,548,1
2020-09-16,1.59,10.172,286.189,0.033,899335000.0,-0.117,-54,460,0
2020-09-17,1.59,9.884,286.189,0.033,899335000.0,-0.115,-50,434,0
2020-09-18,1.59,9.879,286.189,0.033,899335000.0,-0.13,-55,423,0
2020-09-21,1.59,10.245,286.189,0.033,899335000.0,-0.081,-50,616,1
2020-09-22,1.59,10.325,286.189,0.033,899335000.0,-0.01,-4,420,1
2020-09-23,1.59,9.893,286.189,0.033,899335000.0,-0.082,-38,461,0
2020-09-24,1.59,9.945,286.189,0.033,899335000.0,-0.054,-23,426,1
2020-09-25,1.59,10.151,286.189,0.033,899335000.0,-0.075,-32,429,1
2020-09-28,1.59,10.314,286.189,0.033,899335000.0,-0.053,-23,437,1
2020-09-29,1.59,10.374,286.189,0.033,899335000.0,-0.067,-31,462,1
2020-09-30,1.74,10.511,287.374,0.037,1153950000.0,0.019,9,481,1
2020-10-01,1.74,11.089,287.374,0.037,1153950000.0,0.014,10,712,1
2020-10-02,1.74,10.575,287.374,0.037,1153950000.0,-0.034,-17,505,0
2020-10-05,1.74,10.945,287.374,0.037,1153950000.0,-0.002,-1,489,1
2020-10-06,1.74,10.634,287.374,0.037,1153950000.0,-0.081,-41,508,0
2020-10-07,1.74,11.239,287.374,0.037,1153950000.0,-0.04,-34,839,1
2020-10-08,1.74,11.179,287.374,0.037,1153950000.0,-0.081,-46,566,0
2020-10-09,1.74,11.34,287.374,0.037,1153950000.0,-0.024,-15,614,1
2020-10-12,1.74,11.348,287.374,0.037,1153950000.0,-0.068,-44,652,1
2020-10-13,1.74,11.648,287.374,0.037,1153950000.0,-0.063,-42,665,1
2020-10-14,1.74,11.382,287.374,0.037,1153950000.0,-0.046,-40,870,0
2020-10-15,1.74,11.392,287.374,0.037,1153950000.0,-0.057,-40,701,1
2020-10-16,1.74,11.158,287.374,0.037,1153950000.0,-0.008,-6,736,0
2020-10-19,1.74,11.157,287.374,0.037,1153950000.0,-0.015,-11,728,0
2020-10-20,1.74,11.045,287.374,0.037,1153950000.0,-0.113,-221,1950,0
2020-10-21,1.74,10.281,287.374,0.037,1153950000.0,-0.082,-137,1668,0
2020-10-22,1.74,10.2,287.374,0.037,1153950000.0,-0.057,-49,853,0
2020-10-23,1.74,10.264,287.374,0.037,1153950000.0,-0.05,-38,752,1
2020-10-26,1.74,10.264,287.374,0.037,1153950000.0,-0.021,-8,388,0
2020-10-27,1.74,10.278,287.374,0.037,1153950000.0,-0.059,-22,373,1
2020-10-28,1.74,10.222,287.374,0.037,1153950000.0,-0.07,-33,474,0
2020-10-29,1.74,10.599,287.374,0.037,1153950000.0,-0.033,-31,941,1
2020-10-30,1.74,10.001,287.374,0.037,1153950000.0,-0.034,-19,554,0
2020-11-02,1.74,10.177,287.374,0.037,1153950000.0,-0.115,-44,384,1
2020-11-03,1.74,10.242,287.374,0.037,1153950000.0,-0.082,-24,293,1
2020-11-04,1.74,10.447,287.374,0.037,1153950000.0,-0.025,-8,321,1
2020-11-05,1.74,10.8,287.374,0.037,1153950000.0,-0.016,-6,375,1
2020-11-06,1.74,10.82,287.374,0.037,1153950000.0,-0.039,-11,283,1
2020-11-09,1.74,9.891,287.374,0.037,1153950000.0,-0.093,-50,539,0
2020-11-10,1.74,10.095,287.374,0.037,1153950000.0,-0.076,-37,484,1
2020-11-11,1.74,10.317,287.374,0.037,1153950000.0,-0.064,-26,406,1
2020-11-12,1.74,10.233,287.374,0.037,1153950000.0,-0.068,-23,339,0
2020-11-13,1.74,10.15,287.374,0.037,1153950000.0,-0.091,-29,318,0
2020-11-16,1.74,10.071,287.374,0.037,1153950000.0,-0.078,-22,283,0
2020-11-17,1.74,10.104,287.374,0.037,1153950000.0,-0.05,-14,278,1
2020-11-18,1.74,10.128,287.374,0.037,1153950000.0,-0.041,-14,345,1
2020-11-19,1.74,10.189,287.374,0.037,1153950000.0,-0.04,-12,299,1
2020-11-20,1.74,10.264,287.374,0.037,1153950000.0,-0.04,-20,495,1
2020-11-23,1.74,10.019,287.374,0.037,1153950000.0,-0.002,-1,434,0
2020-11-24,1.74,10.151,287.374,0.037,1153950000.0,-0.02,-8,390,1
2020-11-25,1.74,10.196,287.374,0.037,1153950000.0,-0.019,-6,322,1
2020-11-27,1.74,10.329,287.374,0.037,1153950000.0,0.039,10,254,1
2020-11-30,1.74,10.315,287.374,0.037,1153950000.0,0.019,6,322,0
2020-12-01,1.74,10.607,287.374,0.037,1153950000.0,0.076,45,595,1
2020-12-02,1.74,10.582,287.374,0.037,1153950000.0,-0.046,-19,416,0
2020-12-03,1.74,10.459,287.374,0.037,1153950000.0,-0.068,-27,397,0
2020-12-04,1.74,10.475,287.374,0.037,1153950000.0,-0.058,-23,398,1
2020-12-07,1.74,10.843,287.374,0.037,1153950000.0,0.016,9,562,1
2020-12-08,1.74,10.777,287.374,0.037,1153950000.0,-0.035,-16,454,0
2020-12-09,1.74,10.376,287.374,0.037,1153950000.0,-0.084,-35,415,0
2020-12-10,1.74,10.534,287.374,0.037,1153950000.0,-0.062,-27,439,1
2020-12-11,1.74,10.579,287.374,0.037,1153950000.0,-0.059,-29,488,1
2020-12-14,1.74,10.982,287.374,0.037,1153950000.0,0.0,0,457,1
2020-12-15,1.74,10.927,287.374,0.037,1153950000.0,0.008,3,377,0
2020-12-16,1.74,11.033,287.374,0.037,1153950000.0,-0.032,-12,370,1
2020-12-17,1.74,11.202,287.374,0.037,1153950000.0,-0.02,-9,438,1
2020-12-18,1.74,11.235,287.374,0.037,1153950000.0,-0.023,-7,300,1
2020-12-21,1.74,11.119,287.374,0.037,1153950000.0,-0.046,-13,282,0
2020-12-22,1.74,11.085,287.374,0.037,1153950000.0,-0.057,-17,297,0
2020-12-23,1.74,10.815,287.374,0.037,1153950000.0,-0.093,-26,280,0
2020-12-24,1.74,10.804,287.374,0.037,1153950000.0,-0.076,-12,157,0
2020-12-28,1.74,10.913,287.374,0.037,1153950000.0,0.027,8,294,1
2020-12-29,1.74,11.16,287.374,0.037,1153950000.0,0.022,9,418,1
2020-12-30,1.74,11.028,287.374,0.037,1153950000.0,-0.056,-17,303,0
2020-12-31,1.19,11.367,454.395,0.025,-286028000.0,0.031,14,446,1
2021-01-04,1.19,10.991,454.395,0.025,-286028000.0,-0.042,-18,431,0
2021-01-05,1.19,10.948,454.395,0.025,-286028000.0,-0.076,-26,342,0
2021-01-06,1.19,10.521,454.395,0.025,-286028000.0,-0.062,-26,420,0
2021-01-07,1.19,10.698,454.395,0.025,-286028000.0,-0.069,-22,318,1
2021-01-08,1.19,10.729,454.395,0.025,-286028000.0,-0.011,-3,281,1
2021-01-11,1.19,10.492,454.395,0.025,-286028000.0,-0.053,-16,303,0
2021-01-12,1.19,10.39,454.395,0.025,-286028000.0,-0.051,-23,449,0
2021-01-13,1.19,10.675,454.395,0.025,-286028000.0,-0.004,-2,451,1
2021-01-14,1.19,10.529,454.395,0.025,-286028000.0,0.0,0,376,0
2021-01-15,1.19,10.468,454.395,0.025,-286028000.0,-0.047,-16,343,0
2021-01-19,1.19,10.548,454.395,0.025,-286028000.0,0.009,19,2076,1
2021-01-20,1.19,12.326,454.395,0.025,-286028000.0,0.045,110,2467,1
2021-01-21,1.19,12.189,454.395,0.025,-286028000.0,-0.012,-11,940,0
2021-01-22,1.19,11.881,454.395,0.025,-286028000.0,-0.026,-14,545,0
2021-01-25,1.19,11.704,454.395,0.025,-286028000.0,-0.067,-33,493,0
2021-01-26,1.19,11.813,454.395,0.025,-286028000.0,-0.021,-10,486,1
2021-01-27,1.19,11.0,454.395,0.025,-286028000.0,-0.068,-39,576,0
2021-01-28,1.19,11.322,454.395,0.025,-286028000.0,-0.064,-28,440,1
2021-01-29,1.19,11.192,454.395,0.025,-286028000.0,-0.107,-35,328,0
2021-02-01,1.19,11.332,454.395,0.025,-286028000.0,-0.048,-15,310,1
2021-02-02,1.19,11.523,454.395,0.025,-286028000.0,0.007,3,406,1
2021-02-03,1.19,11.34,454.395,0.025,-286028000.0,-0.003,-1,307,0
2021-02-04,1.19,11.607,454.395,0.025,-286028000.0,-0.002,-1,535,1
2021-02-05,1.19,11.579,454.395,0.025,-286028000.0,-0.015,-4,273,0
2021-02-08,1.19,11.518,454.395,0.025,-286028000.0,0.025,8,317,0
2021-02-09,1.19,11.753,454.395,0.025,-286028000.0,0.046,21,458,1
2021-02-10,1.19,11.848,454.395,0.025,-286028000.0,0.039,21,536,1
2021-02-11,1.19,11.721,454.395,0.025,-286028000.0,-0.033,-15,449,0
2021-02-12,1.19,11.699,454.395,0.025,-286028000.0,-0.031,-10,319,0
2021-02-16,1.19,11.715,454.395,0.025,-286028000.0,-0.036,-12,334,1
2021-02-17,1.19,11.59,454.395,0.025,-286028000.0,-0.026,-8,307,0
2021-02-18,1.19,11.524,454.395,0.025,-286028000.0,-0.089,-23,259,0
2021-02-19,1.19,11.356,454.395,0.025,-286028000.0,-0.074,-20,271,0
2021-02-22,1.19,11.221,454.395,0.025,-286028000.0,-0.042,-14,332,0
2021-02-23,1.19,11.481,454.395,0.025,-286028000.0,0.014,7,491,1
2021-02-24,1.19,11.634,454.395,0.025,-286028000.0,-0.01,-3,313,1
2021-02-25,1.19,11.493,454.395,0.025,-286028000.0,-0.115,-41,356,0
2021-02-26,1.19,11.328,454.395,0.025,-286028000.0,-0.073,-23,315,0
2021-03-01,1.19,11.575,454.395,0.025,-286028000.0,-0.014,-4,287,1
2021-03-02,1.19,11.516,454.395,0.025,-286028000.0,0.004,1,278,0
2021-03-03,1.19,10.946,454.395,0.025,-286028000.0,-0.092,-36,390,0
2021-03-04,1.19,10.748,454.395,0.025,-286028000.0,-0.045,-16,355,0
2021-03-05,1.19,10.855,454.395,0.025,-286028000.0,-0.051,-19,373,1
2021-03-08,1.19,10.371,454.395,0.025,-286028000.0,-0.095,-24,253,0
2021-03-09,1.19,10.646,454.395,0.025,-286028000.0,-0.081,-23,285,1
2021-03-10,1.19,10.606,454.395,0.025,-286028000.0,-0.032,-9,284,0
2021-03-11,1.19,10.996,454.395,0.025,-286028000.0,-0.175,-82,469,1
2021-03-12,1.19,10.89,454.395,0.025,-286028000.0,-0.136,-56,411,0
2021-03-15,1.19,10.937,454.395,0.025,-286028000.0,-0.044,-17,390,1
2021-03-16,1.19,11.016,454.395,0.025,-286028000.0,-0.026,-7,272,1
2021-03-17,1.19,11.025,454.395,0.025,-286028000.0,-0.079,-17,214,1
2021-03-18,1.19,10.612,454.395,0.025,-286028000.0,-0.059,-16,272,0
2021-03-19,1.19,10.767,454.395,0.025,-286028000.0,-0.052,-11,213,1
2021-03-22,1.19,10.997,454.395,0.025,-286028000.0,-0.004,-1,238,1
2021-03-23,1.19,11.248,454.395,0.025,-286028000.0,-0.011,-6,534,1
2021-03-24,1.19,10.948,454.395,0.025,-286028000.0,-0.063,-16,253,0
2021-03-25,1.19,10.571,454.395,0.025,-286028000.0,-0.062,-18,292,0
2021-03-26,1.19,10.68,454.395,0.025,-286028000.0,-0.109,-25,229,1
2021-03-29,1.19,10.804,454.395,0.025,-286028000.0,-0.042,-16,378,1
2021-03-30,1.19,10.792,454.395,0.025,-286028000.0,-0.09,-23,257,0
2021-03-31,3.75,10.966,139.109,0.079,696265000.0,-0.003,-1,376,1
2021-04-01,3.75,11.339,139.109,0.079,696265000.0,-0.038,-13,339,1
2021-04-05,3.75,11.366,139.109,0.079,696265000.0,-0.052,-18,345,1
2021-04-06,3.75,11.447,139.109,0.079,696265000.0,-0.003,-1,335,1
2021-04-07,3.75,11.499,139.109,0.079,696265000.0,-0.047,-12,253,1
2021-04-08,3.75,11.658,139.109,0.079,696265000.0,-0.015,-8,523,1
2021-04-09,3.75,11.674,139.109,0.079,696265000.0,0.018,7,398,1
2021-04-12,3.75,11.62,139.109,0.079,696265000.0,-0.043,-15,348,0
2021-04-13,3.75,11.64,139.109,0.079,696265000.0,-0.094,-32,342,1
2021-04-14,3.75,11.352,139.109,0.079,696265000.0,-0.054,-16,294,0
2021-04-15,3.75,11.546,139.109,0.079,696265000.0,-0.041,-12,293,1
2021-04-16,3.75,11.489,139.109,0.079,696265000.0,-0.101,-26,257,0
2021-04-19,3.75,11.655,139.109,0.079,696265000.0,-0.016,-8,514,1
2021-04-20,3.75,11.553,139.109,0.079,696265000.0,-0.161,-339,2103,0
2021-04-21,3.75,10.698,139.109,0.079,696265000.0,-0.141,-260,1843,0
2021-04-22,3.75,10.695,139.109,0.079,696265000.0,-0.082,-52,635,0
2021-04-23,3.75,10.627,139.109,0.079,696265000.0,-0.071,-28,393,0
2021-04-26,3.75,10.727,139.109,0.079,696265000.0,-0.01,-4,414,1
2021-04-27,3.75,10.627,139.109,0.079,696265000.0,-0.048,-15,309,0
2021-04-28,3.75,10.648,139.109,0.079,696265000.0,-0.052,-17,328,1
2021-04-29,3.75,10.7,139.109,0.079,696265000.0,-0.026,-9,345,1
2021-04-30,3.75,10.794,139.109,0.079,696265000.0,-0.093,-33,356,1
2021-05-03,3.75,10.702,139.109,0.079,696265000.0,-0.024,-8,332,0
2021-05-04,3.75,10.578,139.109,0.079,696265000.0,-0.091,-27,296,0
2021-05-05,3.75,10.428,139.109,0.079,696265000.0,-0.114,-37,325,0
2021-05-06,3.75,10.501,139.109,0.079,696265000.0,-0.109,-36,331,1
2021-05-07,3.75,10.592,139.109,0.079,696265000.0,-0.052,-14,267,1
2021-05-10,3.75,10.231,139.109,0.079,696265000.0,-0.09,-19,211,0
2021-05-11,3.75,10.407,139.109,0.079,696265000.0,-0.061,-17,277,1
2021-05-12,3.75,10.195,139.109,0.079,696265000.0,-0.08,-16,200,0
2021-05-13,3.75,10.23,139.109,0.079,696265000.0,-0.097,-26,268,1
2021-05-14,3.75,10.371,139.109,0.079,696265000.0,-0.096,-22,229,1
2021-05-17,3.75,10.278,139.109,0.079,696265000.0,-0.048,-14,293,0
2021-05-18,3.75,10.222,139.109,0.079,696265000.0,0.009,2,219,0
2021-05-19,3.75,10.252,139.109,0.079,696265000.0,-0.105,-26,248,1
2021-05-20,3.75,10.546,139.109,0.079,696265000.0,-0.028,-8,281,1
2021-05-21,3.75,10.466,139.109,0.079,696265000.0,-0.044,-14,319,0
2021-05-24,3.75,10.572,139.109,0.079,696265000.0,-0.086,-19,221,1
2021-05-25,3.75,10.539,139.109,0.079,696265000.0,-0.013,-3,224,0
2021-05-26,3.75,10.56,139.109,0.079,696265000.0,-0.05,-11,222,1
2021-05-27,3.75,10.592,139.109,0.079,696265000.0,-0.098,-19,194,1
2021-05-28,3.75,10.57,139.109,0.079,696265000.0,-0.08,-16,199,0
2021-06-01,3.75,10.491,139.109,0.079,696265000.0,-0.069,-11,160,0
2021-06-02,3.75,10.495,139.109,0.079,696265000.0,-0.157,-28,178,1
2021-06-03,3.75,10.289,139.109,0.079,696265000.0,-0.062,-14,226,0
2021-06-04,3.75,10.4,139.109,0.079,696265000.0,-0.048,-8,167,1
2021-06-07,3.75,10.399,139.109,0.079,696265000.0,-0.043,-9,209,0
2021-06-08,3.75,10.351,139.109,0.079,696265000.0,-0.036,-8,222,0
2021-06-09,3.75,10.213,139.109,0.079,696265000.0,-0.163,-27,166,0
2021-06-10,3.75,10.243,139.109,0.079,696265000.0,-0.081,-22,273,1
2021-06-11,3.75,10.275,139.109,0.079,696265000.0,-0.027,-7,260,1
2021-06-14,3.75,10.509,139.109,0.079,696265000.0,0.06,21,352,1
2021-06-15,3.75,10.341,139.109,0.079,696265000.0,-0.06,-13,215,0
2021-06-16,3.75,10.351,139.109,0.079,696265000.0,-0.077,-13,169,1
2021-06-17,3.75,10.476,139.109,0.079,696265000.0,-0.078,-25,320,1
2021-06-18,3.75,10.527,139.109,0.079,696265000.0,-0.031,-8,258,1
2021-06-21,3.75,10.448,139.109,0.079,696265000.0,-0.057,-21,371,0
2021-06-22,3.75,10.696,139.109,0.079,696265000.0,0.019,10,527,1
2021-06-23,3.75,10.779,139.109,0.079,696265000.0,0.004,2,444,1
2021-06-24,3.75,10.89,139.109,0.079,696265000.0,-0.028,-16,567,1
2021-06-25,3.75,11.08,139.109,0.079,696265000.0,0.022,17,755,1
2021-06-28,3.75,11.205,139.109,0.079,696265000.0,-0.033,-14,424,1
2021-06-29,3.75,11.215,139.109,0.079,696265000.0,-0.041,-12,295,1
2021-06-30,2.97,11.104,177.848,0.062,-174039000.0,-0.074,-18,243,0
2021-07-01,2.97,11.216,177.848,0.062,-174039000.0,-0.04,-12,299,1
2021-07-02,2.97,11.225,177.848,0.062,-174039000.0,-0.061,-15,246,1
2021-07-06,2.97,11.386,177.848,0.062,-174039000.0,0.036,14,393,1
2021-07-07,2.97,11.267,177.848,0.062,-174039000.0,-0.068,-20,292,0
2021-07-08,2.97,11.157,177.848,0.062,-174039000.0,-0.1,-24,239,0
2021-07-09,2.97,11.267,177.848,0.062,-174039000.0,-0.082,-17,207,1
2021-07-12,2.97,11.295,177.848,0.062,-174039000.0,-0.045,-10,222,1
2021-07-13,2.97,11.366,177.848,0.062,-174039000.0,-0.032,-10,311,1
2021-07-14,2.97,11.519,177.848,0.062,-174039000.0,-0.005,-3,609,1
2021-07-15,2.97,11.414,177.848,0.062,-174039000.0,-0.035,-34,962,0
2021-07-16,2.97,11.148,177.848,0.062,-174039000.0,-0.058,-24,416,0
2021-07-19,2.97,11.189,177.848,0.062,-174039000.0,-0.027,-12,443,1
2021-07-20,2.97,11.164,177.848,0.062,-174039000.0,-0.138,-124,901,0
2021-07-21,2.97,10.797,177.848,0.062,-174039000.0,-0.077,-88,1145,0
2021-07-22,2.97,10.758,177.848,0.062,-174039000.0,-0.106,-42,398,0
2021-07-23,2.97,10.835,177.848,0.062,-174039000.0,-0.003,-1,380,1
2021-07-26,2.97,10.857,177.848,0.062,-174039000.0,-0.028,-8,291,1
2021-07-27,2.97,10.908,177.848,0.062,-174039000.0,0.0,0,281,1
2021-07-28,2.97,10.917,177.848,0.062,-174039000.0,-0.049,-14,286,1
2021-07-29,2.97,10.81,177.848,0.062,-174039000.0,-0.124,-31,250,0
2021-07-30,2.97,10.88,177.848,0.062,-174039000.0,-0.097,-21,216,1
2021-08-02,2.97,10.829,177.848,0.062,-174039000.0,-0.09,-20,222,0
2021-08-03,2.97,10.738,177.848,0.062,-174039000.0,-0.086,-16,185,0
2021-08-04,2.97,10.876,177.848,0.062,-174039000.0,-0.051,-13,255,1
2021-08-05,2.97,11.034,177.848,0.062,-174039000.0,-0.036,-11,302,1
2021-08-06,2.97,10.943,177.848,0.062,-174039000.0,-0.066,-14,211,0
2021-08-09,2.97,10.931,177.848,0.062,-174039000.0,-0.051,-8,156,0
2021-08-10,2.97,10.844,177.848,0.062,-174039000.0,-0.085,-17,199,0
2021-08-11,2.97,10.771,177.848,0.062,-174039000.0,-0.059,-11,187,0
2021-08-12,2.97,10.736,177.848,0.062,-174039000.0,-0.023,-5,217,0
2021-08-13,2.97,10.845,177.848,0.062,-174039000.0,-0.082,-25,304,1
2021-08-16,2.97,10.888,177.848,0.062,-174039000.0,-0.004,-1,227,1
2021-08-17,2.97,10.908,177.848,0.062,-174039000.0,-0.051,-12,235,1
2021-08-18,2.97,10.971,177.848,0.062,-174039000.0,-0.013,-4,312,1
2021-08-19,2.97,11.43,177.848,0.062,-174039000.0,0.007,7,984,1
2021-08-20,2.97,11.496,177.848,0.062,-174039000.0,0.037,16,436,1
2021-08-23,2.97,11.632,177.848,0.062,-174039000.0,0.034,12,350,1
2021-08-24,2.97,11.634,177.848,0.062,-174039000.0,-0.032,-9,284,1
2021-08-25,2.97,11.511,177.848,0.062,-174039000.0,-0.034,-10,290,0
2021-08-26,2.97,11.564,177.848,0.062,-174039000.0,-0.054,-15,279,1
2021-08-27,2.97,11.749,177.848,0.062,-174039000.0,0.01,4,406,1
2021-08-30,2.97,11.902,177.848,0.062,-174039000.0,-0.018,-6,335,1
2021-08-31,2.97,11.965,177.848,0.062,-174039000.0,0.017,6,349,1
2021-09-01,2.97,12.236,177.848,0.062,-174039000.0,0.015,12,781,1
2021-09-02,2.97,12.372,177.848,0.062,-174039000.0,0.007,6,808,1
2021-09-03,2.97,12.414,177.848,0.062,-174039000.0,-0.049,-20,406,1
2021-09-07,2.97,12.754,177.848,0.062,-174039000.0,0.067,51,764,1
2021-09-08,2.97,12.74,177.848,0.062,-174039000.0,-0.025,-14,569,0
2021-09-09,2.97,12.561,177.848,0.062,-174039000.0,-0.113,-43,380,0
2021-09-10,2.97,12.586,177.848,0.062,-174039000.0,-0.047,-20,425,1
2021-09-13,2.97,12.388,177.848,0.062,-174039000.0,-0.061,-23,377,0
2021-09-14,2.97,12.145,177.848,0.062,-174039000.0,-0.107,-32,300,0
2021-09-15,2.97,12.253,177.848,0.062,-174039000.0,-0.007,-2,297,1
2021-09-16,2.97,12.329,177.848,0.062,-174039000.0,-0.019,-5,258,1
2021-09-17,2.97,12.389,177.848,0.062,-174039000.0,-0.028,-8,287,1
2021-09-20,2.97,12.096,177.848,0.062,-174039000.0,-0.066,-23,350,0
2021-09-21,2.97,12.048,177.848,0.062,-174039000.0,-0.062,-16,258,0
2021-09-22,2.97,12.416,177.848,0.062,-174039000.0,0.041,20,488,1
2021-09-23,2.97,12.471,177.848,0.062,-174039000.0,0.043,18,415,1
2021-09-24,2.97,12.453,177.848,0.062,-174039000.0,-0.033,-8,243,0
2021-09-27,2.97,12.458,177.848,0.062,-174039000.0,0.014,5,357,1
2021-09-28,2.97,12.273,177.848,0.062,-174039000.0,-0.04,-17,425,0
2021-09-29,2.97,12.593,177.848,0.062,-174039000.0,-0.008,-6,758,1
2021-09-30,3.19,12.83,191.329,0.067,-84948000.0,0.02,14,713,1
2021-10-01,3.19,12.889,191.329,0.067,-84948000.0,-0.053,-26,488,1
2021-10-04,3.19,12.683,191.329,0.067,-84948000.0,-0.08,-41,516,0
2021-10-05,3.19,13.345,191.329,0.067,-84948000.0,0.016,16,1015,1
2021-10-06,3.19,13.435,191.329,0.067,-84948000.0,-0.046,-27,584,1
2021-10-07,3.19,13.283,191.329,0.067,-84948000.0,-0.016,-8,492,0
2021-10-08,3.19,13.3,191.329,0.067,-84948000.0,-0.076,-25,329,1
2021-10-11,3.19,13.181,191.329,0.067,-84948000.0,-0.068,-30,441,0
2021-10-12,3.19,13.137,191.329,0.067,-84948000.0,-0.054,-20,367,0
2021-10-13,3.19,13.239,191.329,0.067,-84948000.0,-0.048,-17,357,1
2021-10-14,3.19,13.324,191.329,0.067,-84948000.0,-0.026,-13,493,1
2021-10-15,3.19,13.208,191.329,0.067,-84948000.0,-0.073,-35,480,0
2021-10-18,3.19,13.411,191.329,0.067,-84948000.0,-0.014,-11,757,1
2021-10-19,3.19,13.433,191.329,0.067,-84948000.0,-0.042,-72,1734,1
2021-10-20,3.19,13.141,191.329,0.067,-84948000.0,-0.051,-69,1353,0
2021-10-21,3.19,13.731,191.329,0.067,-84948000.0,0.013,10,760,1
2021-10-22,3.19,13.975,191.329,0.067,-84948000.0,-0.024,-13,540,1
2021-10-25,3.19,14.119,191.329,0.067,-84948000.0,0.009,4,441,1
2021-10-26,3.19,14.053,191.329,0.067,-84948000.0,-0.052,-18,348,0
2021-10-27,3.19,13.936,191.329,0.067,-84948000.0,-0.063,-17,268,0
2021-10-28,3.19,14.17,191.329,0.067,-84948000.0,-0.091,-34,375,1
2021-10-29,3.19,14.511,191.329,0.067,-84948000.0,0.018,9,488,1
2021-11-01,3.19,14.319,191.329,0.067,-84948000.0,-0.072,-24,332,0
2021-11-02,3.19,14.247,191.329,0.067,-84948000.0,-0.081,-38,470,0
2021-11-03,3.19,14.469,191.329,0.067,-84948000.0,-0.052,-21,401,1
2021-11-04,3.19,14.051,191.329,0.067,-84948000.0,-0.061,-22,362,0
2021-11-05,3.19,13.574,191.329,0.067,-84948000.0,-0.059,-18,303,0
2021-11-08,3.19,13.695,191.329,0.067,-84948000.0,-0.036,-11,309,1
2021-11-09,3.19,13.79,191.329,0.067,-84948000.0,-0.029,-11,379,1
2021-11-10,3.19,13.599,191.329,0.067,-84948000.0,-0.118,-35,296,0
2021-11-11,3.19,13.823,191.329,0.067,-84948000.0,-0.107,-47,438,1
2021-11-12,3.19,14.35,191.329,0.067,-84948000.0,-0.036,-16,448,1
2021-11-15,3.19,14.281,191.329,0.067,-84948000.0,-0.007,-3,413,0
2021-11-16,3.19,14.45,191.329,0.067,-84948000.0,-0.066,-21,319,1
2021-11-17,3.19,14.54,191.329,0.067,-84948000.0,-0.026,-11,421,1
2021-11-18,3.19,14.337,191.329,0.067,-84948000.0,-0.106,-38,359,0
2021-11-19,3.19,14.269,191.329,0.067,-84948000.0,-0.064,-18,280,0
2021-11-22,3.19,13.857,191.329,0.067,-84948000.0,-0.077,-21,272,0
2021-11-23,3.19,13.749,191.329,0.067,-84948000.0,-0.091,-24,263,0
2021-11-24,3.19,13.838,191.329,0.067,-84948000.0,-0.069,-16,233,1
2021-11-26,3.19,13.993,191.329,0.067,-84948000.0,-0.087,-29,332,1
2021-11-29,3.19,13.955,191.329,0.067,-84948000.0,-0.087,-21,241,0
2021-11-30,3.19,13.494,191.329,0.067,-84948000.0,-0.062,-21,339,0
2021-12-01,3.19,12.987,191.329,0.067,-84948000.0,-0.097,-31,320,0
2021-12-02,3.19,12.959,191.329,0.067,-84948000.0,-0.116,-28,242,0
2021-12-03,3.19,12.658,191.329,0.067,-84948000.0,-0.152,-44,289,0
2021-12-06,3.19,12.88,191.329,0.067,-84948000.0,-0.097,-26,268,1
2021-12-07,3.19,13.151,191.329,0.067,-84948000.0,-0.035,-11,314,1
2021-12-08,3.19,13.203,191.329,0.067,-84948000.0,-0.051,-12,237,1
2021-12-09,3.19,12.844,191.329,0.067,-84948000.0,-0.153,-28,183,0
2021-12-10,3.19,12.858,191.329,0.067,-84948000.0,-0.15,-31,206,1
2021-12-13,3.19,12.709,191.329,0.067,-84948000.0,-0.072,-19,262,0
2021-12-14,3.19,12.571,191.329,0.067,-84948000.0,-0.112,-35,314,0
2021-12-15,3.19,12.719,191.329,0.067,-84948000.0,-0.03,-8,269,1
2021-12-16,3.19,12.425,191.329,0.067,-84948000.0,-0.069,-17,246,0
2021-12-17,3.19,12.334,191.329,0.067,-84948000.0,-0.077,-18,233,0
2021-12-20,3.19,12.481,191.329,0.067,-84948000.0,-0.018,-6,341,1
2021-12-21,3.19,12.716,191.329,0.067,-84948000.0,-0.023,-8,351,1
2021-12-22,3.19,12.912,191.329,0.067,-84948000.0,-0.01,-3,290,1
2021-12-23,3.19,12.909,191.329,0.067,-84948000.0,-0.032,-8,253,0
2021-12-27,3.19,12.889,191.329,0.067,-84948000.0,-0.028,-6,216,0
2021-12-28,3.19,12.838,191.329,0.067,-84948000.0,-0.006,-2,343,0
2021-12-29,3.19,12.835,191.329,0.067,-84948000.0,-0.055,-11,199,0
2021-12-30,3.19,12.867,191.329,0.067,-84948000.0,-0.038,-13,340,1
2021-12-31,1.33,12.664,452.962,0.028,-569253000.0,-0.101,-18,178,0
2022-01-03,1.33,12.558,452.962,0.028,-569253000.0,-0.056,-17,304,0
2022-01-04,1.33,12.427,452.962,0.028,-569253000.0,-0.085,-28,328,0
2022-01-05,1.33,11.93,452.962,0.028,-569253000.0,-0.134,-43,321,0
2022-01-06,1.33,11.631,452.962,0.028,-569253000.0,-0.116,-54,465,0
2022-01-07,1.33,11.374,452.962,0.028,-569253000.0,-0.084,-26,310,0
2022-01-10,1.33,11.349,452.962,0.028,-569253000.0,-0.116,-30,258,0
2022-01-11,1.33,11.369,452.962,0.028,-569253000.0,-0.076,-22,291,1
2022-01-12,1.33,11.293,452.962,0.028,-569253000.0,-0.094,-29,307,0
2022-01-13,1.33,10.914,452.962,0.028,-569253000.0,-0.127,-55,433,0
2022-01-14,1.33,11.051,452.962,0.028,-569253000.0,-0.062,-48,779,1
2022-01-18,1.33,10.738,452.962,0.028,-569253000.0,-0.1,-65,653,0
2022-01-19,1.33,10.844,452.962,0.028,-569253000.0,-0.081,-42,521,1
2022-01-20,1.33,10.684,452.962,0.028,-569253000.0,-0.203,-855,4208,0
2022-01-21,1.33,8.356,452.962,0.028,-569253000.0,-0.185,-1001,5422,0
2022-01-24,1.33,8.139,452.962,0.028,-569253000.0,-0.155,-215,1385,0
2022-01-25,1.33,7.703,452.962,0.028,-569253000.0,-0.172,-154,894,0
2022-01-26,1.33,7.561,452.962,0.028,-569253000.0,-0.119,-107,898,0
2022-01-27,1.33,8.129,452.962,0.028,-569253000.0,-0.081,-139,1714,1
2022-01-28,1.33,8.08,452.962,0.028,-569253000.0,-0.057,-45,788,0
2022-01-31,1.33,8.979,452.962,0.028,-569253000.0,-0.031,-39,1268,1
2022-02-01,1.33,9.61,452.962,0.028,-569253000.0,-0.006,-6,1066,1
2022-02-02,1.33,9.028,452.962,0.028,-569253000.0,-0.124,-120,968,0
2022-02-03,1.33,8.526,452.962,0.028,-569253000.0,-0.155,-148,953,0
2022-02-04,1.33,8.622,452.962,0.028,-569253000.0,-0.151,-86,570,1
2022-02-07,1.33,8.453,452.962,0.028,-569253000.0,-0.126,-63,501,0
2022-02-08,1.33,8.483,452.962,0.028,-569253000.0,-0.1,-49,491,1
2022-02-09,1.33,8.68,452.962,0.028,-569253000.0,-0.068,-31,458,1
2022-02-10,1.33,8.54,452.962,0.028,-569253000.0,-0.076,-33,433,0
2022-02-11,1.33,8.226,452.962,0.028,-569253000.0,-0.141,-56,396,0
2022-02-14,1.33,8.337,452.962,0.028,-569253000.0,-0.061,-22,361,1
2022-02-15,1.33,8.565,452.962,0.028,-569253000.0,-0.078,-26,333,1
2022-02-16,1.33,8.368,452.962,0.028,-569253000.0,-0.168,-68,404,0
2022-02-17,1.33,8.128,452.962,0.028,-569253000.0,-0.222,-78,352,0
2022-02-18,1.33,8.226,452.962,0.028,-569253000.0,-0.093,-47,503,1
2022-02-22,1.33,7.933,452.962,0.028,-569253000.0,-0.15,-48,321,0
2022-02-23,1.33,7.725,452.962,0.028,-569253000.0,-0.141,-44,313,0
2022-02-24,1.33,8.199,452.962,0.028,-569253000.0,-0.115,-33,288,1
2022-02-25,1.33,8.215,452.962,0.028,-569253000.0,-0.142,-31,219,1
2022-02-28,1.33,8.293,452.962,0.028,-569253000.0,-0.146,-43,295,1
2022-03-01,1.33,8.119,452.962,0.028,-569253000.0,-0.178,-42,236,0
2022-03-02,1.33,7.989,452.962,0.028,-569253000.0,-0.071,-24,338,0
2022-03-03,1.33,7.737,452.962,0.028,-569253000.0,-0.126,-37,293,0
2022-03-04,1.33,7.604,452.962,0.028,-569253000.0,-0.087,-19,219,0
2022-03-07,1.33,7.363,452.962,0.028,-569253000.0,-0.203,-69,340,0
2022-03-08,1.33,7.184,452.962,0.028,-569253000.0,-0.183,-59,323,0
2022-03-09,1.33,7.542,452.962,0.028,-569253000.0,-0.088,-35,397,1
2022-03-10,1.33,7.5,452.962,0.028,-569253000.0,-0.088,-29,329,0
2022-03-11,1.33,7.154,452.962,0.028,-569253000.0,-0.131,-35,268,0
2022-03-14,1.33,6.958,452.962,0.028,-569253000.0,-0.13,-42,324,0
2022-03-15,1.33,7.226,452.962,0.028,-569253000.0,-0.051,-15,296,1
2022-03-16,1.33,7.516,452.962,0.028,-569253000.0,-0.099,-34,342,1
2022-03-17,1.33,7.807,452.962,0.028,-569253000.0,-0.054,-19,350,1
2022-03-18,1.33,8.001,452.962,0.028,-569253000.0,0.0,0,258,1
2022-03-21,1.33,7.875,452.962,0.028,-569253000.0,-0.005,-1,192,0
2022-03-22,1.33,8.05,452.962,0.028,-569253000.0,0.022,6,267,1
2022-03-23,1.33,7.872,452.962,0.028,-569253000.0,-0.1,-22,219,0
2022-03-24,1.33,7.898,452.962,0.028,-569253000.0,-0.043,-11,257,1
2022-03-25,1.33,7.859,452.962,0.028,-569253000.0,-0.051,-11,215,0
2022-03-28,1.33,7.957,452.962,0.028,-569253000.0,-0.091,-23,252,1
2022-03-29,1.33,8.237,452.962,0.028,-569253000.0,0.007,3,445,1
2022-03-30,1.33,8.019,452.962,0.028,-569253000.0,-0.09,-25,279,0
2022-03-31,3.53,7.875,106.116,0.074,801681000.0,-0.094,-18,192,0
2022-04-01,3.53,7.851,106.116,0.074,801681000.0,-0.113,-25,222,0
2022-04-04,3.53,8.23,106.116,0.074,801681000.0,0.017,6,350,1
2022-04-05,3.53,7.991,106.116,0.074,801681000.0,-0.049,-13,267,0
2022-04-06,3.53,7.743,106.116,0.074,801681000.0,-0.051,-11,214,0
2022-04-07,3.53,7.613,106.116,0.074,801681000.0,-0.095,-28,296,0
2022-04-08,3.53,7.481,106.116,0.074,801681000.0,-0.122,-27,221,0
2022-04-11,3.53,7.316,106.116,0.074,801681000.0,-0.016,-4,250,0
2022-04-12,3.53,7.234,106.116,0.074,801681000.0,-0.018,-5,286,0
2022-04-13,3.53,7.367,106.116,0.074,801681000.0,-0.065,-18,277,1
2022-04-14,3.53,7.171,106.116,0.074,801681000.0,-0.07,-17,241,0
2022-04-18,3.53,7.102,106.116,0.074,801681000.0,-0.089,-59,660,0
2022-04-19,3.53,7.328,106.116,0.074,801681000.0,-0.243,-1987,8190,1
2022-04-20,3.53,4.755,106.116,0.074,801681000.0,-0.245,-3034,12404,0
2022-04-21,3.53,4.587,106.116,0.074,801681000.0,-0.23,-1106,4819,0
2022-04-22,3.53,4.531,106.116,0.074,801681000.0,-0.171,-339,1985,0
2022-04-25,3.53,4.413,106.116,0.074,801681000.0,-0.178,-214,1204,0
2022-04-26,3.53,4.171,106.116,0.074,801681000.0,-0.2,-237,1182,0
2022-04-27,3.53,3.963,106.116,0.074,801681000.0,-0.175,-230,1313,0
2022-04-28,3.53,4.194,106.116,0.074,801681000.0,-0.172,-184,1071,1
2022-04-29,3.53,4.002,106.116,0.074,801681000.0,-0.181,-155,857,0
2022-05-02,3.53,4.193,106.116,0.074,801681000.0,-0.123,-68,554,1
2022-05-03,3.53,4.202,106.116,0.074,801681000.0,-0.14,-62,442,1
2022-05-04,3.53,4.289,106.116,0.074,801681000.0,-0.188,-104,552,1
2022-05-05,3.53,3.959,106.116,0.074,801681000.0,-0.187,-107,571,0
2022-05-06,3.53,3.804,106.116,0.074,801681000.0,-0.18,-106,588,0
2022-05-09,3.53,3.639,106.116,0.074,801681000.0,-0.173,-101,583,0
2022-05-10,3.53,3.735,106.116,0.074,801681000.0,-0.146,-101,691,1
2022-05-11,3.53,3.497,106.116,0.074,801681000.0,-0.21,-155,738,0
2022-05-12,3.53,3.664,106.116,0.074,801681000.0,-0.15,-94,625,1
2022-05-13,3.53,3.945,106.116,0.074,801681000.0,-0.122,-60,493,1
2022-05-16,3.53,3.921,106.116,0.074,801681000.0,-0.077,-51,666,0
2022-05-17,3.53,4.006,106.116,0.074,801681000.0,-0.158,-91,574,1
2022-05-18,3.53,3.725,106.116,0.074,801681000.0,-0.212,-109,513,0
2022-05-19,3.53,3.857,106.116,0.074,801681000.0,-0.148,-62,418,1
2022-05-20,3.53,3.917,106.116,0.074,801681000.0,-0.147,-60,407,1
2022-05-23,3.53,3.94,106.116,0.074,801681000.0,-0.105,-38,363,1
2022-05-24,3.53,3.791,106.116,0.074,801681000.0,-0.128,-53,415,0
2022-05-25,3.53,3.948,106.116,0.074,801681000.0,-0.065,-30,463,1
2022-05-26,3.53,4.024,106.116,0.074,801681000.0,-0.081,-34,418,1
2022-05-27,3.53,4.103,106.116,0.074,801681000.0,-0.071,-30,424,1
2022-05-31,3.53,4.151,106.116,0.074,801681000.0,-0.039,-19,487,1
2022-06-01,3.53,4.055,106.116,0.074,801681000.0,-0.101,-50,494,0
2022-06-02,3.53,4.311,106.116,0.074,801681000.0,-0.03,-17,560,1
2022-06-03,3.53,4.183,106.116,0.074,801681000.0,-0.081,-32,395,0
2022-06-06,3.53,4.144,106.116,0.074,801681000.0,-0.146,-39,268,0
2022-06-07,3.53,4.175,106.116,0.074,801681000.0,-0.18,-63,350,1
2022-06-08,3.53,4.264,106.116,0.074,801681000.0,-0.13,-110,844,1
2022-06-09,3.53,4.052,106.116,0.074,801681000.0,-0.163,-74,453,0
2022-06-10,3.53,3.846,106.116,0.074,801681000.0,-0.156,-90,576,0
2022-06-13,3.53,3.567,106.116,0.074,801681000.0,-0.171,-68,397,0
2022-06-14,3.53,3.522,106.116,0.074,801681000.0,-0.165,-86,522,0
2022-06-15,3.53,3.786,106.116,0.074,801681000.0,-0.142,-77,541,1
2022-06-16,3.53,3.644,106.116,0.074,801681000.0,-0.125,-48,383,0
2022-06-17,3.53,3.69,106.116,0.074,801681000.0,-0.014,-4,290,1
2022-06-21,3.53,3.593,106.116,0.074,801681000.0,-0.175,-114,652,0
2022-06-22,3.53,3.761,106.116,0.074,801681000.0,-0.034,-22,649,1
2022-06-23,3.53,3.82,106.116,0.074,801681000.0,-0.078,-53,676,1
2022-06-24,3.53,4.012,106.116,0.074,801681000.0,-0.066,-38,578,1
2022-06-27,3.53,3.976,106.116,0.074,801681000.0,-0.036,-12,337,0
2022-06-28,3.53,3.775,106.116,0.074,801681000.0,-0.088,-33,375,0
2022-06-29,3.53,3.749,106.116,0.074,801681000.0,-0.083,-30,362,0
2022-06-30,3.2,3.676,54.647,0.067,12732000.0,-0.067,-28,420,0
2022-07-01,3.2,3.676,54.647,0.067,12732000.0,-0.062,-21,337,1
2022-07-05,3.2,3.676,54.647,0.067,12732000.0,-0.059,-25,425,1
2022-07-06,3.2,3.676,54.647,0.067,12732000.0,-0.015,-8,538,0
2022-07-07,3.2,3.676,54.647,0.067,12732000.0,-0.055,-24,433,1
2022-07-08,3.2,3.676,54.647,0.067,12732000.0,-0.043,-12,279,0
